#name,region,country,lat,lon,location_type,conflict_date,population
0_0,0,0,0,0,camp,0,10000000
0_1,1,-1,0,1,camp,0,10000000
0_2,2,-2,0,2,camp,0,10000000
0_3,3,-3,0,3,camp,0,10000000
0_4,4,-4,0,4,camp,0,10000000
0_5,5,-5,0,5,camp,0,10000000
0_6,6,-6,0,6,camp,0,10000000
0_7,7,-7,0,7,camp,0,10000000
0_8,8,-8,0,8,camp,0,10000000
0_9,9,-9,0,9,camp,0,10000000
0_10,10,-10,0,10,camp,0,10000000
0_11,11,-11,0,11,camp,0,10000000
0_12,12,-12,0,12,camp,0,10000000
0_13,13,-13,0,13,camp,0,10000000
0_14,14,-14,0,14,camp,0,10000000
0_15,15,-15,0,15,camp,0,10000000
0_16,16,-16,0,16,camp,0,10000000
0_17,17,-17,0,17,camp,0,10000000
0_18,18,-18,0,18,camp,0,10000000
0_19,19,-19,0,19,camp,0,10000000
0_20,20,-20,0,20,conflict_zone,0,10000000
0_21,21,-21,0,21,conflict_zone,0,10000000
0_22,22,-22,0,22,conflict_zone,0,10000000
0_23,23,-23,0,23,conflict_zone,0,10000000
0_24,24,-24,0,24,conflict_zone,0,10000000
0_25,25,-25,0,25,conflict_zone,0,10000000
0_26,26,-26,0,26,conflict_zone,0,10000000
0_27,27,-27,0,27,conflict_zone,0,10000000
0_28,28,-28,0,28,conflict_zone,0,10000000
0_29,29,-29,0,29,conflict_zone,0,10000000
0_30,30,-30,0,30,conflict_zone,0,10000000
0_31,31,-31,0,31,camp,0,10000000
0_32,32,-32,0,32,camp,0,10000000
0_33,33,-33,0,33,camp,0,10000000
0_34,34,-34,0,34,camp,0,10000000
0_35,35,-35,0,35,camp,0,10000000
0_36,36,-36,0,36,camp,0,10000000
0_37,37,-37,0,37,camp,0,10000000
0_38,38,-38,0,38,camp,0,10000000
0_39,39,-39,0,39,camp,0,10000000
0_40,40,-40,0,40,camp,0,10000000
0_41,41,-41,0,41,camp,0,10000000
0_42,42,-42,0,42,camp,0,10000000
0_43,43,-43,0,43,camp,0,10000000
0_44,44,-44,0,44,camp,0,10000000
0_45,45,-45,0,45,camp,0,10000000
0_46,46,-46,0,46,camp,0,10000000
0_47,47,-47,0,47,camp,0,10000000
0_48,48,-48,0,48,camp,0,10000000
0_49,49,-49,0,49,camp,0,10000000
1_0,1,1,1,0,camp,0,10000000
1_1,2,0,1,1,town,0,10000000
1_2,3,-1,1,2,town,0,10000000
1_3,4,-2,1,3,town,0,10000000
1_4,5,-3,1,4,town,0,10000000
1_5,6,-4,1,5,town,0,10000000
1_6,7,-5,1,6,town,0,10000000
1_7,8,-6,1,7,town,0,10000000
1_8,9,-7,1,8,town,0,10000000
1_9,10,-8,1,9,town,0,10000000
1_10,11,-9,1,10,town,0,10000000
1_11,12,-10,1,11,town,0,10000000
1_12,13,-11,1,12,town,0,10000000
1_13,14,-12,1,13,town,0,10000000
1_14,15,-13,1,14,town,0,10000000
1_15,16,-14,1,15,town,0,10000000
1_16,17,-15,1,16,town,0,10000000
1_17,18,-16,1,17,town,0,10000000
1_18,19,-17,1,18,town,0,10000000
1_19,20,-18,1,19,town,0,10000000
1_20,21,-19,1,20,conflict_zone,0,10000000
1_21,22,-20,1,21,conflict_zone,0,10000000
1_22,23,-21,1,22,conflict_zone,0,10000000
1_23,24,-22,1,23,conflict_zone,0,10000000
1_24,25,-23,1,24,conflict_zone,0,10000000
1_25,26,-24,1,25,conflict_zone,0,10000000
1_26,27,-25,1,26,conflict_zone,0,10000000
1_27,28,-26,1,27,conflict_zone,0,10000000
1_28,29,-27,1,28,conflict_zone,0,10000000
1_29,30,-28,1,29,conflict_zone,0,10000000
1_30,31,-29,1,30,conflict_zone,0,10000000
1_31,32,-30,1,31,town,0,10000000
1_32,33,-31,1,32,town,0,10000000
1_33,34,-32,1,33,town,0,10000000
1_34,35,-33,1,34,town,0,10000000
1_35,36,-34,1,35,town,0,10000000
1_36,37,-35,1,36,town,0,10000000
1_37,38,-36,1,37,town,0,10000000
1_38,39,-37,1,38,town,0,10000000
1_39,40,-38,1,39,town,0,10000000
1_40,41,-39,1,40,town,0,10000000
1_41,42,-40,1,41,town,0,10000000
1_42,43,-41,1,42,town,0,10000000
1_43,44,-42,1,43,town,0,10000000
1_44,45,-43,1,44,town,0,10000000
1_45,46,-44,1,45,town,0,10000000
1_46,47,-45,1,46,town,0,10000000
1_47,48,-46,1,47,town,0,10000000
1_48,49,-47,1,48,town,0,10000000
1_49,50,-48,1,49,camp,0,10000000
2_0,2,2,2,0,camp,0,10000000
2_1,3,1,2,1,town,0,10000000
2_2,4,0,2,2,town,0,10000000
2_3,5,-1,2,3,town,0,10000000
2_4,6,-2,2,4,town,0,10000000
2_5,7,-3,2,5,town,0,10000000
2_6,8,-4,2,6,town,0,10000000
2_7,9,-5,2,7,town,0,10000000
2_8,10,-6,2,8,town,0,10000000
2_9,11,-7,2,9,town,0,10000000
2_10,12,-8,2,10,town,0,10000000
2_11,13,-9,2,11,town,0,10000000
2_12,14,-10,2,12,town,0,10000000
2_13,15,-11,2,13,town,0,10000000
2_14,16,-12,2,14,town,0,10000000
2_15,17,-13,2,15,town,0,10000000
2_16,18,-14,2,16,town,0,10000000
2_17,19,-15,2,17,town,0,10000000
2_18,20,-16,2,18,town,0,10000000
2_19,21,-17,2,19,town,0,10000000
2_20,22,-18,2,20,conflict_zone,0,10000000
2_21,23,-19,2,21,conflict_zone,0,10000000
2_22,24,-20,2,22,conflict_zone,0,10000000
2_23,25,-21,2,23,conflict_zone,0,10000000
2_24,26,-22,2,24,conflict_zone,0,10000000
2_25,27,-23,2,25,conflict_zone,0,10000000
2_26,28,-24,2,26,conflict_zone,0,10000000
2_27,29,-25,2,27,conflict_zone,0,10000000
2_28,30,-26,2,28,conflict_zone,0,10000000
2_29,31,-27,2,29,conflict_zone,0,10000000
2_30,32,-28,2,30,conflict_zone,0,10000000
2_31,33,-29,2,31,town,0,10000000
2_32,34,-30,2,32,town,0,10000000
2_33,35,-31,2,33,town,0,10000000
2_34,36,-32,2,34,town,0,10000000
2_35,37,-33,2,35,town,0,10000000
2_36,38,-34,2,36,town,0,10000000
2_37,39,-35,2,37,town,0,10000000
2_38,40,-36,2,38,town,0,10000000
2_39,41,-37,2,39,town,0,10000000
2_40,42,-38,2,40,town,0,10000000
2_41,43,-39,2,41,town,0,10000000
2_42,44,-40,2,42,town,0,10000000
2_43,45,-41,2,43,town,0,10000000
2_44,46,-42,2,44,town,0,10000000
2_45,47,-43,2,45,town,0,10000000
2_46,48,-44,2,46,town,0,10000000
2_47,49,-45,2,47,town,0,10000000
2_48,50,-46,2,48,town,0,10000000
2_49,51,-47,2,49,camp,0,10000000
3_0,3,3,3,0,camp,0,10000000
3_1,4,2,3,1,town,0,10000000
3_2,5,1,3,2,town,0,10000000
3_3,6,0,3,3,town,0,10000000
3_4,7,-1,3,4,town,0,10000000
3_5,8,-2,3,5,town,0,10000000
3_6,9,-3,3,6,town,0,10000000
3_7,10,-4,3,7,town,0,10000000
3_8,11,-5,3,8,town,0,10000000
3_9,12,-6,3,9,town,0,10000000
3_10,13,-7,3,10,town,0,10000000
3_11,14,-8,3,11,town,0,10000000
3_12,15,-9,3,12,town,0,10000000
3_13,16,-10,3,13,town,0,10000000
3_14,17,-11,3,14,town,0,10000000
3_15,18,-12,3,15,town,0,10000000
3_16,19,-13,3,16,town,0,10000000
3_17,20,-14,3,17,town,0,10000000
3_18,21,-15,3,18,town,0,10000000
3_19,22,-16,3,19,town,0,10000000
3_20,23,-17,3,20,conflict_zone,0,10000000
3_21,24,-18,3,21,conflict_zone,0,10000000
3_22,25,-19,3,22,conflict_zone,0,10000000
3_23,26,-20,3,23,conflict_zone,0,10000000
3_24,27,-21,3,24,conflict_zone,0,10000000
3_25,28,-22,3,25,conflict_zone,0,10000000
3_26,29,-23,3,26,conflict_zone,0,10000000
3_27,30,-24,3,27,conflict_zone,0,10000000
3_28,31,-25,3,28,conflict_zone,0,10000000
3_29,32,-26,3,29,conflict_zone,0,10000000
3_30,33,-27,3,30,conflict_zone,0,10000000
3_31,34,-28,3,31,town,0,10000000
3_32,35,-29,3,32,town,0,10000000
3_33,36,-30,3,33,town,0,10000000
3_34,37,-31,3,34,town,0,10000000
3_35,38,-32,3,35,town,0,10000000
3_36,39,-33,3,36,town,0,10000000
3_37,40,-34,3,37,town,0,10000000
3_38,41,-35,3,38,town,0,10000000
3_39,42,-36,3,39,town,0,10000000
3_40,43,-37,3,40,town,0,10000000
3_41,44,-38,3,41,town,0,10000000
3_42,45,-39,3,42,town,0,10000000
3_43,46,-40,3,43,town,0,10000000
3_44,47,-41,3,44,town,0,10000000
3_45,48,-42,3,45,town,0,10000000
3_46,49,-43,3,46,town,0,10000000
3_47,50,-44,3,47,town,0,10000000
3_48,51,-45,3,48,town,0,10000000
3_49,52,-46,3,49,camp,0,10000000
4_0,4,4,4,0,camp,0,10000000
4_1,5,3,4,1,town,0,10000000
4_2,6,2,4,2,town,0,10000000
4_3,7,1,4,3,town,0,10000000
4_4,8,0,4,4,town,0,10000000
4_5,9,-1,4,5,town,0,10000000
4_6,10,-2,4,6,town,0,10000000
4_7,11,-3,4,7,town,0,10000000
4_8,12,-4,4,8,town,0,10000000
4_9,13,-5,4,9,town,0,10000000
4_10,14,-6,4,10,town,0,10000000
4_11,15,-7,4,11,town,0,10000000
4_12,16,-8,4,12,town,0,10000000
4_13,17,-9,4,13,town,0,10000000
4_14,18,-10,4,14,town,0,10000000
4_15,19,-11,4,15,town,0,10000000
4_16,20,-12,4,16,town,0,10000000
4_17,21,-13,4,17,town,0,10000000
4_18,22,-14,4,18,town,0,10000000
4_19,23,-15,4,19,town,0,10000000
4_20,24,-16,4,20,conflict_zone,0,10000000
4_21,25,-17,4,21,conflict_zone,0,10000000
4_22,26,-18,4,22,conflict_zone,0,10000000
4_23,27,-19,4,23,conflict_zone,0,10000000
4_24,28,-20,4,24,conflict_zone,0,10000000
4_25,29,-21,4,25,conflict_zone,0,10000000
4_26,30,-22,4,26,conflict_zone,0,10000000
4_27,31,-23,4,27,conflict_zone,0,10000000
4_28,32,-24,4,28,conflict_zone,0,10000000
4_29,33,-25,4,29,conflict_zone,0,10000000
4_30,34,-26,4,30,conflict_zone,0,10000000
4_31,35,-27,4,31,town,0,10000000
4_32,36,-28,4,32,town,0,10000000
4_33,37,-29,4,33,town,0,10000000
4_34,38,-30,4,34,town,0,10000000
4_35,39,-31,4,35,town,0,10000000
4_36,40,-32,4,36,town,0,10000000
4_37,41,-33,4,37,town,0,10000000
4_38,42,-34,4,38,town,0,10000000
4_39,43,-35,4,39,town,0,10000000
4_40,44,-36,4,40,town,0,10000000
4_41,45,-37,4,41,town,0,10000000
4_42,46,-38,4,42,town,0,10000000
4_43,47,-39,4,43,town,0,10000000
4_44,48,-40,4,44,town,0,10000000
4_45,49,-41,4,45,town,0,10000000
4_46,50,-42,4,46,town,0,10000000
4_47,51,-43,4,47,town,0,10000000
4_48,52,-44,4,48,town,0,10000000
4_49,53,-45,4,49,camp,0,10000000
5_0,5,5,5,0,camp,0,10000000
5_1,6,4,5,1,town,0,10000000
5_2,7,3,5,2,town,0,10000000
5_3,8,2,5,3,town,0,10000000
5_4,9,1,5,4,town,0,10000000
5_5,10,0,5,5,town,0,10000000
5_6,11,-1,5,6,town,0,10000000
5_7,12,-2,5,7,town,0,10000000
5_8,13,-3,5,8,town,0,10000000
5_9,14,-4,5,9,town,0,10000000
5_10,15,-5,5,10,town,0,10000000
5_11,16,-6,5,11,town,0,10000000
5_12,17,-7,5,12,town,0,10000000
5_13,18,-8,5,13,town,0,10000000
5_14,19,-9,5,14,town,0,10000000
5_15,20,-10,5,15,town,0,10000000
5_16,21,-11,5,16,town,0,10000000
5_17,22,-12,5,17,town,0,10000000
5_18,23,-13,5,18,town,0,10000000
5_19,24,-14,5,19,town,0,10000000
5_20,25,-15,5,20,conflict_zone,0,10000000
5_21,26,-16,5,21,conflict_zone,0,10000000
5_22,27,-17,5,22,conflict_zone,0,10000000
5_23,28,-18,5,23,conflict_zone,0,10000000
5_24,29,-19,5,24,conflict_zone,0,10000000
5_25,30,-20,5,25,conflict_zone,0,10000000
5_26,31,-21,5,26,conflict_zone,0,10000000
5_27,32,-22,5,27,conflict_zone,0,10000000
5_28,33,-23,5,28,conflict_zone,0,10000000
5_29,34,-24,5,29,conflict_zone,0,10000000
5_30,35,-25,5,30,conflict_zone,0,10000000
5_31,36,-26,5,31,town,0,10000000
5_32,37,-27,5,32,town,0,10000000
5_33,38,-28,5,33,town,0,10000000
5_34,39,-29,5,34,town,0,10000000
5_35,40,-30,5,35,town,0,10000000
5_36,41,-31,5,36,town,0,10000000
5_37,42,-32,5,37,town,0,10000000
5_38,43,-33,5,38,town,0,10000000
5_39,44,-34,5,39,town,0,10000000
5_40,45,-35,5,40,town,0,10000000
5_41,46,-36,5,41,town,0,10000000
5_42,47,-37,5,42,town,0,10000000
5_43,48,-38,5,43,town,0,10000000
5_44,49,-39,5,44,town,0,10000000
5_45,50,-40,5,45,town,0,10000000
5_46,51,-41,5,46,town,0,10000000
5_47,52,-42,5,47,town,0,10000000
5_48,53,-43,5,48,town,0,10000000
5_49,54,-44,5,49,camp,0,10000000
6_0,6,6,6,0,camp,0,10000000
6_1,7,5,6,1,town,0,10000000
6_2,8,4,6,2,town,0,10000000
6_3,9,3,6,3,town,0,10000000
6_4,10,2,6,4,town,0,10000000
6_5,11,1,6,5,town,0,10000000
6_6,12,0,6,6,town,0,10000000
6_7,13,-1,6,7,town,0,10000000
6_8,14,-2,6,8,town,0,10000000
6_9,15,-3,6,9,town,0,10000000
6_10,16,-4,6,10,town,0,10000000
6_11,17,-5,6,11,town,0,10000000
6_12,18,-6,6,12,town,0,10000000
6_13,19,-7,6,13,town,0,10000000
6_14,20,-8,6,14,town,0,10000000
6_15,21,-9,6,15,town,0,10000000
6_16,22,-10,6,16,town,0,10000000
6_17,23,-11,6,17,town,0,10000000
6_18,24,-12,6,18,town,0,10000000
6_19,25,-13,6,19,town,0,10000000
6_20,26,-14,6,20,conflict_zone,0,10000000
6_21,27,-15,6,21,conflict_zone,0,10000000
6_22,28,-16,6,22,conflict_zone,0,10000000
6_23,29,-17,6,23,conflict_zone,0,10000000
6_24,30,-18,6,24,conflict_zone,0,10000000
6_25,31,-19,6,25,conflict_zone,0,10000000
6_26,32,-20,6,26,conflict_zone,0,10000000
6_27,33,-21,6,27,conflict_zone,0,10000000
6_28,34,-22,6,28,conflict_zone,0,10000000
6_29,35,-23,6,29,conflict_zone,0,10000000
6_30,36,-24,6,30,conflict_zone,0,10000000
6_31,37,-25,6,31,town,0,10000000
6_32,38,-26,6,32,town,0,10000000
6_33,39,-27,6,33,town,0,10000000
6_34,40,-28,6,34,town,0,10000000
6_35,41,-29,6,35,town,0,10000000
6_36,42,-30,6,36,town,0,10000000
6_37,43,-31,6,37,town,0,10000000
6_38,44,-32,6,38,town,0,10000000
6_39,45,-33,6,39,town,0,10000000
6_40,46,-34,6,40,town,0,10000000
6_41,47,-35,6,41,town,0,10000000
6_42,48,-36,6,42,town,0,10000000
6_43,49,-37,6,43,town,0,10000000
6_44,50,-38,6,44,town,0,10000000
6_45,51,-39,6,45,town,0,10000000
6_46,52,-40,6,46,town,0,10000000
6_47,53,-41,6,47,town,0,10000000
6_48,54,-42,6,48,town,0,10000000
6_49,55,-43,6,49,camp,0,10000000
7_0,7,7,7,0,camp,0,10000000
7_1,8,6,7,1,town,0,10000000
7_2,9,5,7,2,town,0,10000000
7_3,10,4,7,3,town,0,10000000
7_4,11,3,7,4,town,0,10000000
7_5,12,2,7,5,town,0,10000000
7_6,13,1,7,6,town,0,10000000
7_7,14,0,7,7,town,0,10000000
7_8,15,-1,7,8,town,0,10000000
7_9,16,-2,7,9,town,0,10000000
7_10,17,-3,7,10,town,0,10000000
7_11,18,-4,7,11,town,0,10000000
7_12,19,-5,7,12,town,0,10000000
7_13,20,-6,7,13,town,0,10000000
7_14,21,-7,7,14,town,0,10000000
7_15,22,-8,7,15,town,0,10000000
7_16,23,-9,7,16,town,0,10000000
7_17,24,-10,7,17,town,0,10000000
7_18,25,-11,7,18,town,0,10000000
7_19,26,-12,7,19,town,0,10000000
7_20,27,-13,7,20,conflict_zone,0,10000000
7_21,28,-14,7,21,conflict_zone,0,10000000
7_22,29,-15,7,22,conflict_zone,0,10000000
7_23,30,-16,7,23,conflict_zone,0,10000000
7_24,31,-17,7,24,conflict_zone,0,10000000
7_25,32,-18,7,25,conflict_zone,0,10000000
7_26,33,-19,7,26,conflict_zone,0,10000000
7_27,34,-20,7,27,conflict_zone,0,10000000
7_28,35,-21,7,28,conflict_zone,0,10000000
7_29,36,-22,7,29,conflict_zone,0,10000000
7_30,37,-23,7,30,conflict_zone,0,10000000
7_31,38,-24,7,31,town,0,10000000
7_32,39,-25,7,32,town,0,10000000
7_33,40,-26,7,33,town,0,10000000
7_34,41,-27,7,34,town,0,10000000
7_35,42,-28,7,35,town,0,10000000
7_36,43,-29,7,36,town,0,10000000
7_37,44,-30,7,37,town,0,10000000
7_38,45,-31,7,38,town,0,10000000
7_39,46,-32,7,39,town,0,10000000
7_40,47,-33,7,40,town,0,10000000
7_41,48,-34,7,41,town,0,10000000
7_42,49,-35,7,42,town,0,10000000
7_43,50,-36,7,43,town,0,10000000
7_44,51,-37,7,44,town,0,10000000
7_45,52,-38,7,45,town,0,10000000
7_46,53,-39,7,46,town,0,10000000
7_47,54,-40,7,47,town,0,10000000
7_48,55,-41,7,48,town,0,10000000
7_49,56,-42,7,49,camp,0,10000000
8_0,8,8,8,0,camp,0,10000000
8_1,9,7,8,1,town,0,10000000
8_2,10,6,8,2,town,0,10000000
8_3,11,5,8,3,town,0,10000000
8_4,12,4,8,4,town,0,10000000
8_5,13,3,8,5,town,0,10000000
8_6,14,2,8,6,town,0,10000000
8_7,15,1,8,7,town,0,10000000
8_8,16,0,8,8,town,0,10000000
8_9,17,-1,8,9,town,0,10000000
8_10,18,-2,8,10,town,0,10000000
8_11,19,-3,8,11,town,0,10000000
8_12,20,-4,8,12,town,0,10000000
8_13,21,-5,8,13,town,0,10000000
8_14,22,-6,8,14,town,0,10000000
8_15,23,-7,8,15,town,0,10000000
8_16,24,-8,8,16,town,0,10000000
8_17,25,-9,8,17,town,0,10000000
8_18,26,-10,8,18,town,0,10000000
8_19,27,-11,8,19,town,0,10000000
8_20,28,-12,8,20,conflict_zone,0,10000000
8_21,29,-13,8,21,conflict_zone,0,10000000
8_22,30,-14,8,22,conflict_zone,0,10000000
8_23,31,-15,8,23,conflict_zone,0,10000000
8_24,32,-16,8,24,conflict_zone,0,10000000
8_25,33,-17,8,25,conflict_zone,0,10000000
8_26,34,-18,8,26,conflict_zone,0,10000000
8_27,35,-19,8,27,conflict_zone,0,10000000
8_28,36,-20,8,28,conflict_zone,0,10000000
8_29,37,-21,8,29,conflict_zone,0,10000000
8_30,38,-22,8,30,conflict_zone,0,10000000
8_31,39,-23,8,31,town,0,10000000
8_32,40,-24,8,32,town,0,10000000
8_33,41,-25,8,33,town,0,10000000
8_34,42,-26,8,34,town,0,10000000
8_35,43,-27,8,35,town,0,10000000
8_36,44,-28,8,36,town,0,10000000
8_37,45,-29,8,37,town,0,10000000
8_38,46,-30,8,38,town,0,10000000
8_39,47,-31,8,39,town,0,10000000
8_40,48,-32,8,40,town,0,10000000
8_41,49,-33,8,41,town,0,10000000
8_42,50,-34,8,42,town,0,10000000
8_43,51,-35,8,43,town,0,10000000
8_44,52,-36,8,44,town,0,10000000
8_45,53,-37,8,45,town,0,10000000
8_46,54,-38,8,46,town,0,10000000
8_47,55,-39,8,47,town,0,10000000
8_48,56,-40,8,48,town,0,10000000
8_49,57,-41,8,49,camp,0,10000000
9_0,9,9,9,0,camp,0,10000000
9_1,10,8,9,1,town,0,10000000
9_2,11,7,9,2,town,0,10000000
9_3,12,6,9,3,town,0,10000000
9_4,13,5,9,4,town,0,10000000
9_5,14,4,9,5,town,0,10000000
9_6,15,3,9,6,town,0,10000000
9_7,16,2,9,7,town,0,10000000
9_8,17,1,9,8,town,0,10000000
9_9,18,0,9,9,town,0,10000000
9_10,19,-1,9,10,town,0,10000000
9_11,20,-2,9,11,town,0,10000000
9_12,21,-3,9,12,town,0,10000000
9_13,22,-4,9,13,town,0,10000000
9_14,23,-5,9,14,town,0,10000000
9_15,24,-6,9,15,town,0,10000000
9_16,25,-7,9,16,town,0,10000000
9_17,26,-8,9,17,town,0,10000000
9_18,27,-9,9,18,town,0,10000000
9_19,28,-10,9,19,town,0,10000000
9_20,29,-11,9,20,conflict_zone,0,10000000
9_21,30,-12,9,21,conflict_zone,0,10000000
9_22,31,-13,9,22,conflict_zone,0,10000000
9_23,32,-14,9,23,conflict_zone,0,10000000
9_24,33,-15,9,24,conflict_zone,0,10000000
9_25,34,-16,9,25,conflict_zone,0,10000000
9_26,35,-17,9,26,conflict_zone,0,10000000
9_27,36,-18,9,27,conflict_zone,0,10000000
9_28,37,-19,9,28,conflict_zone,0,10000000
9_29,38,-20,9,29,conflict_zone,0,10000000
9_30,39,-21,9,30,conflict_zone,0,10000000
9_31,40,-22,9,31,town,0,10000000
9_32,41,-23,9,32,town,0,10000000
9_33,42,-24,9,33,town,0,10000000
9_34,43,-25,9,34,town,0,10000000
9_35,44,-26,9,35,town,0,10000000
9_36,45,-27,9,36,town,0,10000000
9_37,46,-28,9,37,town,0,10000000
9_38,47,-29,9,38,town,0,10000000
9_39,48,-30,9,39,town,0,10000000
9_40,49,-31,9,40,town,0,10000000
9_41,50,-32,9,41,town,0,10000000
9_42,51,-33,9,42,town,0,10000000
9_43,52,-34,9,43,town,0,10000000
9_44,53,-35,9,44,town,0,10000000
9_45,54,-36,9,45,town,0,10000000
9_46,55,-37,9,46,town,0,10000000
9_47,56,-38,9,47,town,0,10000000
9_48,57,-39,9,48,town,0,10000000
9_49,58,-40,9,49,camp,0,10000000
10_0,10,10,10,0,camp,0,10000000
10_1,11,9,10,1,town,0,10000000
10_2,12,8,10,2,town,0,10000000
10_3,13,7,10,3,town,0,10000000
10_4,14,6,10,4,town,0,10000000
10_5,15,5,10,5,town,0,10000000
10_6,16,4,10,6,town,0,10000000
10_7,17,3,10,7,town,0,10000000
10_8,18,2,10,8,town,0,10000000
10_9,19,1,10,9,town,0,10000000
10_10,20,0,10,10,town,0,10000000
10_11,21,-1,10,11,town,0,10000000
10_12,22,-2,10,12,town,0,10000000
10_13,23,-3,10,13,town,0,10000000
10_14,24,-4,10,14,town,0,10000000
10_15,25,-5,10,15,town,0,10000000
10_16,26,-6,10,16,town,0,10000000
10_17,27,-7,10,17,town,0,10000000
10_18,28,-8,10,18,town,0,10000000
10_19,29,-9,10,19,town,0,10000000
10_20,30,-10,10,20,conflict_zone,0,10000000
10_21,31,-11,10,21,conflict_zone,0,10000000
10_22,32,-12,10,22,conflict_zone,0,10000000
10_23,33,-13,10,23,conflict_zone,0,10000000
10_24,34,-14,10,24,conflict_zone,0,10000000
10_25,35,-15,10,25,conflict_zone,0,10000000
10_26,36,-16,10,26,conflict_zone,0,10000000
10_27,37,-17,10,27,conflict_zone,0,10000000
10_28,38,-18,10,28,conflict_zone,0,10000000
10_29,39,-19,10,29,conflict_zone,0,10000000
10_30,40,-20,10,30,conflict_zone,0,10000000
10_31,41,-21,10,31,town,0,10000000
10_32,42,-22,10,32,town,0,10000000
10_33,43,-23,10,33,town,0,10000000
10_34,44,-24,10,34,town,0,10000000
10_35,45,-25,10,35,town,0,10000000
10_36,46,-26,10,36,town,0,10000000
10_37,47,-27,10,37,town,0,10000000
10_38,48,-28,10,38,town,0,10000000
10_39,49,-29,10,39,town,0,10000000
10_40,50,-30,10,40,town,0,10000000
10_41,51,-31,10,41,town,0,10000000
10_42,52,-32,10,42,town,0,10000000
10_43,53,-33,10,43,town,0,10000000
10_44,54,-34,10,44,town,0,10000000
10_45,55,-35,10,45,town,0,10000000
10_46,56,-36,10,46,town,0,10000000
10_47,57,-37,10,47,town,0,10000000
10_48,58,-38,10,48,town,0,10000000
10_49,59,-39,10,49,camp,0,10000000
11_0,11,11,11,0,camp,0,10000000
11_1,12,10,11,1,town,0,10000000
11_2,13,9,11,2,town,0,10000000
11_3,14,8,11,3,town,0,10000000
11_4,15,7,11,4,town,0,10000000
11_5,16,6,11,5,town,0,10000000
11_6,17,5,11,6,town,0,10000000
11_7,18,4,11,7,town,0,10000000
11_8,19,3,11,8,town,0,10000000
11_9,20,2,11,9,town,0,10000000
11_10,21,1,11,10,town,0,10000000
11_11,22,0,11,11,town,0,10000000
11_12,23,-1,11,12,town,0,10000000
11_13,24,-2,11,13,town,0,10000000
11_14,25,-3,11,14,town,0,10000000
11_15,26,-4,11,15,town,0,10000000
11_16,27,-5,11,16,town,0,10000000
11_17,28,-6,11,17,town,0,10000000
11_18,29,-7,11,18,town,0,10000000
11_19,30,-8,11,19,town,0,10000000
11_20,31,-9,11,20,conflict_zone,0,10000000
11_21,32,-10,11,21,conflict_zone,0,10000000
11_22,33,-11,11,22,conflict_zone,0,10000000
11_23,34,-12,11,23,conflict_zone,0,10000000
11_24,35,-13,11,24,conflict_zone,0,10000000
11_25,36,-14,11,25,conflict_zone,0,10000000
11_26,37,-15,11,26,conflict_zone,0,10000000
11_27,38,-16,11,27,conflict_zone,0,10000000
11_28,39,-17,11,28,conflict_zone,0,10000000
11_29,40,-18,11,29,conflict_zone,0,10000000
11_30,41,-19,11,30,conflict_zone,0,10000000
11_31,42,-20,11,31,town,0,10000000
11_32,43,-21,11,32,town,0,10000000
11_33,44,-22,11,33,town,0,10000000
11_34,45,-23,11,34,town,0,10000000
11_35,46,-24,11,35,town,0,10000000
11_36,47,-25,11,36,town,0,10000000
11_37,48,-26,11,37,town,0,10000000
11_38,49,-27,11,38,town,0,10000000
11_39,50,-28,11,39,town,0,10000000
11_40,51,-29,11,40,town,0,10000000
11_41,52,-30,11,41,town,0,10000000
11_42,53,-31,11,42,town,0,10000000
11_43,54,-32,11,43,town,0,10000000
11_44,55,-33,11,44,town,0,10000000
11_45,56,-34,11,45,town,0,10000000
11_46,57,-35,11,46,town,0,10000000
11_47,58,-36,11,47,town,0,10000000
11_48,59,-37,11,48,town,0,10000000
11_49,60,-38,11,49,camp,0,10000000
12_0,12,12,12,0,camp,0,10000000
12_1,13,11,12,1,town,0,10000000
12_2,14,10,12,2,town,0,10000000
12_3,15,9,12,3,town,0,10000000
12_4,16,8,12,4,town,0,10000000
12_5,17,7,12,5,town,0,10000000
12_6,18,6,12,6,town,0,10000000
12_7,19,5,12,7,town,0,10000000
12_8,20,4,12,8,town,0,10000000
12_9,21,3,12,9,town,0,10000000
12_10,22,2,12,10,town,0,10000000
12_11,23,1,12,11,town,0,10000000
12_12,24,0,12,12,town,0,10000000
12_13,25,-1,12,13,town,0,10000000
12_14,26,-2,12,14,town,0,10000000
12_15,27,-3,12,15,town,0,10000000
12_16,28,-4,12,16,town,0,10000000
12_17,29,-5,12,17,town,0,10000000
12_18,30,-6,12,18,town,0,10000000
12_19,31,-7,12,19,town,0,10000000
12_20,32,-8,12,20,conflict_zone,0,10000000
12_21,33,-9,12,21,conflict_zone,0,10000000
12_22,34,-10,12,22,conflict_zone,0,10000000
12_23,35,-11,12,23,conflict_zone,0,10000000
12_24,36,-12,12,24,conflict_zone,0,10000000
12_25,37,-13,12,25,conflict_zone,0,10000000
12_26,38,-14,12,26,conflict_zone,0,10000000
12_27,39,-15,12,27,conflict_zone,0,10000000
12_28,40,-16,12,28,conflict_zone,0,10000000
12_29,41,-17,12,29,conflict_zone,0,10000000
12_30,42,-18,12,30,conflict_zone,0,10000000
12_31,43,-19,12,31,town,0,10000000
12_32,44,-20,12,32,town,0,10000000
12_33,45,-21,12,33,town,0,10000000
12_34,46,-22,12,34,town,0,10000000
12_35,47,-23,12,35,town,0,10000000
12_36,48,-24,12,36,town,0,10000000
12_37,49,-25,12,37,town,0,10000000
12_38,50,-26,12,38,town,0,10000000
12_39,51,-27,12,39,town,0,10000000
12_40,52,-28,12,40,town,0,10000000
12_41,53,-29,12,41,town,0,10000000
12_42,54,-30,12,42,town,0,10000000
12_43,55,-31,12,43,town,0,10000000
12_44,56,-32,12,44,town,0,10000000
12_45,57,-33,12,45,town,0,10000000
12_46,58,-34,12,46,town,0,10000000
12_47,59,-35,12,47,town,0,10000000
12_48,60,-36,12,48,town,0,10000000
12_49,61,-37,12,49,camp,0,10000000
13_0,13,13,13,0,camp,0,10000000
13_1,14,12,13,1,town,0,10000000
13_2,15,11,13,2,town,0,10000000
13_3,16,10,13,3,town,0,10000000
13_4,17,9,13,4,town,0,10000000
13_5,18,8,13,5,town,0,10000000
13_6,19,7,13,6,town,0,10000000
13_7,20,6,13,7,town,0,10000000
13_8,21,5,13,8,town,0,10000000
13_9,22,4,13,9,town,0,10000000
13_10,23,3,13,10,town,0,10000000
13_11,24,2,13,11,town,0,10000000
13_12,25,1,13,12,town,0,10000000
13_13,26,0,13,13,town,0,10000000
13_14,27,-1,13,14,town,0,10000000
13_15,28,-2,13,15,town,0,10000000
13_16,29,-3,13,16,town,0,10000000
13_17,30,-4,13,17,town,0,10000000
13_18,31,-5,13,18,town,0,10000000
13_19,32,-6,13,19,town,0,10000000
13_20,33,-7,13,20,conflict_zone,0,10000000
13_21,34,-8,13,21,conflict_zone,0,10000000
13_22,35,-9,13,22,conflict_zone,0,10000000
13_23,36,-10,13,23,conflict_zone,0,10000000
13_24,37,-11,13,24,conflict_zone,0,10000000
13_25,38,-12,13,25,conflict_zone,0,10000000
13_26,39,-13,13,26,conflict_zone,0,10000000
13_27,40,-14,13,27,conflict_zone,0,10000000
13_28,41,-15,13,28,conflict_zone,0,10000000
13_29,42,-16,13,29,conflict_zone,0,10000000
13_30,43,-17,13,30,conflict_zone,0,10000000
13_31,44,-18,13,31,town,0,10000000
13_32,45,-19,13,32,town,0,10000000
13_33,46,-20,13,33,town,0,10000000
13_34,47,-21,13,34,town,0,10000000
13_35,48,-22,13,35,town,0,10000000
13_36,49,-23,13,36,town,0,10000000
13_37,50,-24,13,37,town,0,10000000
13_38,51,-25,13,38,town,0,10000000
13_39,52,-26,13,39,town,0,10000000
13_40,53,-27,13,40,town,0,10000000
13_41,54,-28,13,41,town,0,10000000
13_42,55,-29,13,42,town,0,10000000
13_43,56,-30,13,43,town,0,10000000
13_44,57,-31,13,44,town,0,10000000
13_45,58,-32,13,45,town,0,10000000
13_46,59,-33,13,46,town,0,10000000
13_47,60,-34,13,47,town,0,10000000
13_48,61,-35,13,48,town,0,10000000
13_49,62,-36,13,49,camp,0,10000000
14_0,14,14,14,0,camp,0,10000000
14_1,15,13,14,1,town,0,10000000
14_2,16,12,14,2,town,0,10000000
14_3,17,11,14,3,town,0,10000000
14_4,18,10,14,4,town,0,10000000
14_5,19,9,14,5,town,0,10000000
14_6,20,8,14,6,town,0,10000000
14_7,21,7,14,7,town,0,10000000
14_8,22,6,14,8,town,0,10000000
14_9,23,5,14,9,town,0,10000000
14_10,24,4,14,10,town,0,10000000
14_11,25,3,14,11,town,0,10000000
14_12,26,2,14,12,town,0,10000000
14_13,27,1,14,13,town,0,10000000
14_14,28,0,14,14,town,0,10000000
14_15,29,-1,14,15,town,0,10000000
14_16,30,-2,14,16,town,0,10000000
14_17,31,-3,14,17,town,0,10000000
14_18,32,-4,14,18,town,0,10000000
14_19,33,-5,14,19,town,0,10000000
14_20,34,-6,14,20,conflict_zone,0,10000000
14_21,35,-7,14,21,conflict_zone,0,10000000
14_22,36,-8,14,22,conflict_zone,0,10000000
14_23,37,-9,14,23,conflict_zone,0,10000000
14_24,38,-10,14,24,conflict_zone,0,10000000
14_25,39,-11,14,25,conflict_zone,0,10000000
14_26,40,-12,14,26,conflict_zone,0,10000000
14_27,41,-13,14,27,conflict_zone,0,10000000
14_28,42,-14,14,28,conflict_zone,0,10000000
14_29,43,-15,14,29,conflict_zone,0,10000000
14_30,44,-16,14,30,conflict_zone,0,10000000
14_31,45,-17,14,31,town,0,10000000
14_32,46,-18,14,32,town,0,10000000
14_33,47,-19,14,33,town,0,10000000
14_34,48,-20,14,34,town,0,10000000
14_35,49,-21,14,35,town,0,10000000
14_36,50,-22,14,36,town,0,10000000
14_37,51,-23,14,37,town,0,10000000
14_38,52,-24,14,38,town,0,10000000
14_39,53,-25,14,39,town,0,10000000
14_40,54,-26,14,40,town,0,10000000
14_41,55,-27,14,41,town,0,10000000
14_42,56,-28,14,42,town,0,10000000
14_43,57,-29,14,43,town,0,10000000
14_44,58,-30,14,44,town,0,10000000
14_45,59,-31,14,45,town,0,10000000
14_46,60,-32,14,46,town,0,10000000
14_47,61,-33,14,47,town,0,10000000
14_48,62,-34,14,48,town,0,10000000
14_49,63,-35,14,49,camp,0,10000000
15_0,15,15,15,0,camp,0,10000000
15_1,16,14,15,1,town,0,10000000
15_2,17,13,15,2,town,0,10000000
15_3,18,12,15,3,town,0,10000000
15_4,19,11,15,4,town,0,10000000
15_5,20,10,15,5,town,0,10000000
15_6,21,9,15,6,town,0,10000000
15_7,22,8,15,7,town,0,10000000
15_8,23,7,15,8,town,0,10000000
15_9,24,6,15,9,town,0,10000000
15_10,25,5,15,10,town,0,10000000
15_11,26,4,15,11,town,0,10000000
15_12,27,3,15,12,town,0,10000000
15_13,28,2,15,13,town,0,10000000
15_14,29,1,15,14,town,0,10000000
15_15,30,0,15,15,town,0,10000000
15_16,31,-1,15,16,town,0,10000000
15_17,32,-2,15,17,town,0,10000000
15_18,33,-3,15,18,town,0,10000000
15_19,34,-4,15,19,town,0,10000000
15_20,35,-5,15,20,conflict_zone,0,10000000
15_21,36,-6,15,21,conflict_zone,0,10000000
15_22,37,-7,15,22,conflict_zone,0,10000000
15_23,38,-8,15,23,conflict_zone,0,10000000
15_24,39,-9,15,24,conflict_zone,0,10000000
15_25,40,-10,15,25,conflict_zone,0,10000000
15_26,41,-11,15,26,conflict_zone,0,10000000
15_27,42,-12,15,27,conflict_zone,0,10000000
15_28,43,-13,15,28,conflict_zone,0,10000000
15_29,44,-14,15,29,conflict_zone,0,10000000
15_30,45,-15,15,30,conflict_zone,0,10000000
15_31,46,-16,15,31,town,0,10000000
15_32,47,-17,15,32,town,0,10000000
15_33,48,-18,15,33,town,0,10000000
15_34,49,-19,15,34,town,0,10000000
15_35,50,-20,15,35,town,0,10000000
15_36,51,-21,15,36,town,0,10000000
15_37,52,-22,15,37,town,0,10000000
15_38,53,-23,15,38,town,0,10000000
15_39,54,-24,15,39,town,0,10000000
15_40,55,-25,15,40,town,0,10000000
15_41,56,-26,15,41,town,0,10000000
15_42,57,-27,15,42,town,0,10000000
15_43,58,-28,15,43,town,0,10000000
15_44,59,-29,15,44,town,0,10000000
15_45,60,-30,15,45,town,0,10000000
15_46,61,-31,15,46,town,0,10000000
15_47,62,-32,15,47,town,0,10000000
15_48,63,-33,15,48,town,0,10000000
15_49,64,-34,15,49,camp,0,10000000
16_0,16,16,16,0,camp,0,10000000
16_1,17,15,16,1,town,0,10000000
16_2,18,14,16,2,town,0,10000000
16_3,19,13,16,3,town,0,10000000
16_4,20,12,16,4,town,0,10000000
16_5,21,11,16,5,town,0,10000000
16_6,22,10,16,6,town,0,10000000
16_7,23,9,16,7,town,0,10000000
16_8,24,8,16,8,town,0,10000000
16_9,25,7,16,9,town,0,10000000
16_10,26,6,16,10,town,0,10000000
16_11,27,5,16,11,town,0,10000000
16_12,28,4,16,12,town,0,10000000
16_13,29,3,16,13,town,0,10000000
16_14,30,2,16,14,town,0,10000000
16_15,31,1,16,15,town,0,10000000
16_16,32,0,16,16,town,0,10000000
16_17,33,-1,16,17,town,0,10000000
16_18,34,-2,16,18,town,0,10000000
16_19,35,-3,16,19,town,0,10000000
16_20,36,-4,16,20,conflict_zone,0,10000000
16_21,37,-5,16,21,conflict_zone,0,10000000
16_22,38,-6,16,22,conflict_zone,0,10000000
16_23,39,-7,16,23,conflict_zone,0,10000000
16_24,40,-8,16,24,conflict_zone,0,10000000
16_25,41,-9,16,25,conflict_zone,0,10000000
16_26,42,-10,16,26,conflict_zone,0,10000000
16_27,43,-11,16,27,conflict_zone,0,10000000
16_28,44,-12,16,28,conflict_zone,0,10000000
16_29,45,-13,16,29,conflict_zone,0,10000000
16_30,46,-14,16,30,conflict_zone,0,10000000
16_31,47,-15,16,31,town,0,10000000
16_32,48,-16,16,32,town,0,10000000
16_33,49,-17,16,33,town,0,10000000
16_34,50,-18,16,34,town,0,10000000
16_35,51,-19,16,35,town,0,10000000
16_36,52,-20,16,36,town,0,10000000
16_37,53,-21,16,37,town,0,10000000
16_38,54,-22,16,38,town,0,10000000
16_39,55,-23,16,39,town,0,10000000
16_40,56,-24,16,40,town,0,10000000
16_41,57,-25,16,41,town,0,10000000
16_42,58,-26,16,42,town,0,10000000
16_43,59,-27,16,43,town,0,10000000
16_44,60,-28,16,44,town,0,10000000
16_45,61,-29,16,45,town,0,10000000
16_46,62,-30,16,46,town,0,10000000
16_47,63,-31,16,47,town,0,10000000
16_48,64,-32,16,48,town,0,10000000
16_49,65,-33,16,49,camp,0,10000000
17_0,17,17,17,0,camp,0,10000000
17_1,18,16,17,1,town,0,10000000
17_2,19,15,17,2,town,0,10000000
17_3,20,14,17,3,town,0,10000000
17_4,21,13,17,4,town,0,10000000
17_5,22,12,17,5,town,0,10000000
17_6,23,11,17,6,town,0,10000000
17_7,24,10,17,7,town,0,10000000
17_8,25,9,17,8,town,0,10000000
17_9,26,8,17,9,town,0,10000000
17_10,27,7,17,10,town,0,10000000
17_11,28,6,17,11,town,0,10000000
17_12,29,5,17,12,town,0,10000000
17_13,30,4,17,13,town,0,10000000
17_14,31,3,17,14,town,0,10000000
17_15,32,2,17,15,town,0,10000000
17_16,33,1,17,16,town,0,10000000
17_17,34,0,17,17,town,0,10000000
17_18,35,-1,17,18,town,0,10000000
17_19,36,-2,17,19,town,0,10000000
17_20,37,-3,17,20,conflict_zone,0,10000000
17_21,38,-4,17,21,conflict_zone,0,10000000
17_22,39,-5,17,22,conflict_zone,0,10000000
17_23,40,-6,17,23,conflict_zone,0,10000000
17_24,41,-7,17,24,conflict_zone,0,10000000
17_25,42,-8,17,25,conflict_zone,0,10000000
17_26,43,-9,17,26,conflict_zone,0,10000000
17_27,44,-10,17,27,conflict_zone,0,10000000
17_28,45,-11,17,28,conflict_zone,0,10000000
17_29,46,-12,17,29,conflict_zone,0,10000000
17_30,47,-13,17,30,conflict_zone,0,10000000
17_31,48,-14,17,31,town,0,10000000
17_32,49,-15,17,32,town,0,10000000
17_33,50,-16,17,33,town,0,10000000
17_34,51,-17,17,34,town,0,10000000
17_35,52,-18,17,35,town,0,10000000
17_36,53,-19,17,36,town,0,10000000
17_37,54,-20,17,37,town,0,10000000
17_38,55,-21,17,38,town,0,10000000
17_39,56,-22,17,39,town,0,10000000
17_40,57,-23,17,40,town,0,10000000
17_41,58,-24,17,41,town,0,10000000
17_42,59,-25,17,42,town,0,10000000
17_43,60,-26,17,43,town,0,10000000
17_44,61,-27,17,44,town,0,10000000
17_45,62,-28,17,45,town,0,10000000
17_46,63,-29,17,46,town,0,10000000
17_47,64,-30,17,47,town,0,10000000
17_48,65,-31,17,48,town,0,10000000
17_49,66,-32,17,49,camp,0,10000000
18_0,18,18,18,0,camp,0,10000000
18_1,19,17,18,1,town,0,10000000
18_2,20,16,18,2,town,0,10000000
18_3,21,15,18,3,town,0,10000000
18_4,22,14,18,4,town,0,10000000
18_5,23,13,18,5,town,0,10000000
18_6,24,12,18,6,town,0,10000000
18_7,25,11,18,7,town,0,10000000
18_8,26,10,18,8,town,0,10000000
18_9,27,9,18,9,town,0,10000000
18_10,28,8,18,10,town,0,10000000
18_11,29,7,18,11,town,0,10000000
18_12,30,6,18,12,town,0,10000000
18_13,31,5,18,13,town,0,10000000
18_14,32,4,18,14,town,0,10000000
18_15,33,3,18,15,town,0,10000000
18_16,34,2,18,16,town,0,10000000
18_17,35,1,18,17,town,0,10000000
18_18,36,0,18,18,town,0,10000000
18_19,37,-1,18,19,town,0,10000000
18_20,38,-2,18,20,conflict_zone,0,10000000
18_21,39,-3,18,21,conflict_zone,0,10000000
18_22,40,-4,18,22,conflict_zone,0,10000000
18_23,41,-5,18,23,conflict_zone,0,10000000
18_24,42,-6,18,24,conflict_zone,0,10000000
18_25,43,-7,18,25,conflict_zone,0,10000000
18_26,44,-8,18,26,conflict_zone,0,10000000
18_27,45,-9,18,27,conflict_zone,0,10000000
18_28,46,-10,18,28,conflict_zone,0,10000000
18_29,47,-11,18,29,conflict_zone,0,10000000
18_30,48,-12,18,30,conflict_zone,0,10000000
18_31,49,-13,18,31,town,0,10000000
18_32,50,-14,18,32,town,0,10000000
18_33,51,-15,18,33,town,0,10000000
18_34,52,-16,18,34,town,0,10000000
18_35,53,-17,18,35,town,0,10000000
18_36,54,-18,18,36,town,0,10000000
18_37,55,-19,18,37,town,0,10000000
18_38,56,-20,18,38,town,0,10000000
18_39,57,-21,18,39,town,0,10000000
18_40,58,-22,18,40,town,0,10000000
18_41,59,-23,18,41,town,0,10000000
18_42,60,-24,18,42,town,0,10000000
18_43,61,-25,18,43,town,0,10000000
18_44,62,-26,18,44,town,0,10000000
18_45,63,-27,18,45,town,0,10000000
18_46,64,-28,18,46,town,0,10000000
18_47,65,-29,18,47,town,0,10000000
18_48,66,-30,18,48,town,0,10000000
18_49,67,-31,18,49,camp,0,10000000
19_0,19,19,19,0,camp,0,10000000
19_1,20,18,19,1,town,0,10000000
19_2,21,17,19,2,town,0,10000000
19_3,22,16,19,3,town,0,10000000
19_4,23,15,19,4,town,0,10000000
19_5,24,14,19,5,town,0,10000000
19_6,25,13,19,6,town,0,10000000
19_7,26,12,19,7,town,0,10000000
19_8,27,11,19,8,town,0,10000000
19_9,28,10,19,9,town,0,10000000
19_10,29,9,19,10,town,0,10000000
19_11,30,8,19,11,town,0,10000000
19_12,31,7,19,12,town,0,10000000
19_13,32,6,19,13,town,0,10000000
19_14,33,5,19,14,town,0,10000000
19_15,34,4,19,15,town,0,10000000
19_16,35,3,19,16,town,0,10000000
19_17,36,2,19,17,town,0,10000000
19_18,37,1,19,18,town,0,10000000
19_19,38,0,19,19,town,0,10000000
19_20,39,-1,19,20,conflict_zone,0,10000000
19_21,40,-2,19,21,conflict_zone,0,10000000
19_22,41,-3,19,22,conflict_zone,0,10000000
19_23,42,-4,19,23,conflict_zone,0,10000000
19_24,43,-5,19,24,conflict_zone,0,10000000
19_25,44,-6,19,25,conflict_zone,0,10000000
19_26,45,-7,19,26,conflict_zone,0,10000000
19_27,46,-8,19,27,conflict_zone,0,10000000
19_28,47,-9,19,28,conflict_zone,0,10000000
19_29,48,-10,19,29,conflict_zone,0,10000000
19_30,49,-11,19,30,conflict_zone,0,10000000
19_31,50,-12,19,31,town,0,10000000
19_32,51,-13,19,32,town,0,10000000
19_33,52,-14,19,33,town,0,10000000
19_34,53,-15,19,34,town,0,10000000
19_35,54,-16,19,35,town,0,10000000
19_36,55,-17,19,36,town,0,10000000
19_37,56,-18,19,37,town,0,10000000
19_38,57,-19,19,38,town,0,10000000
19_39,58,-20,19,39,town,0,10000000
19_40,59,-21,19,40,town,0,10000000
19_41,60,-22,19,41,town,0,10000000
19_42,61,-23,19,42,town,0,10000000
19_43,62,-24,19,43,town,0,10000000
19_44,63,-25,19,44,town,0,10000000
19_45,64,-26,19,45,town,0,10000000
19_46,65,-27,19,46,town,0,10000000
19_47,66,-28,19,47,town,0,10000000
19_48,67,-29,19,48,town,0,10000000
19_49,68,-30,19,49,camp,0,10000000
20_0,20,20,20,0,conflict_zone,0,10000000
20_1,21,19,20,1,conflict_zone,0,10000000
20_2,22,18,20,2,conflict_zone,0,10000000
20_3,23,17,20,3,conflict_zone,0,10000000
20_4,24,16,20,4,conflict_zone,0,10000000
20_5,25,15,20,5,conflict_zone,0,10000000
20_6,26,14,20,6,conflict_zone,0,10000000
20_7,27,13,20,7,conflict_zone,0,10000000
20_8,28,12,20,8,conflict_zone,0,10000000
20_9,29,11,20,9,conflict_zone,0,10000000
20_10,30,10,20,10,conflict_zone,0,10000000
20_11,31,9,20,11,conflict_zone,0,10000000
20_12,32,8,20,12,conflict_zone,0,10000000
20_13,33,7,20,13,conflict_zone,0,10000000
20_14,34,6,20,14,conflict_zone,0,10000000
20_15,35,5,20,15,conflict_zone,0,10000000
20_16,36,4,20,16,conflict_zone,0,10000000
20_17,37,3,20,17,conflict_zone,0,10000000
20_18,38,2,20,18,conflict_zone,0,10000000
20_19,39,1,20,19,conflict_zone,0,10000000
20_20,40,0,20,20,conflict_zone,0,10000000
20_21,41,-1,20,21,conflict_zone,0,10000000
20_22,42,-2,20,22,conflict_zone,0,10000000
20_23,43,-3,20,23,conflict_zone,0,10000000
20_24,44,-4,20,24,conflict_zone,0,10000000
20_25,45,-5,20,25,conflict_zone,0,10000000
20_26,46,-6,20,26,conflict_zone,0,10000000
20_27,47,-7,20,27,conflict_zone,0,10000000
20_28,48,-8,20,28,conflict_zone,0,10000000
20_29,49,-9,20,29,conflict_zone,0,10000000
20_30,50,-10,20,30,conflict_zone,0,10000000
20_31,51,-11,20,31,conflict_zone,0,10000000
20_32,52,-12,20,32,conflict_zone,0,10000000
20_33,53,-13,20,33,conflict_zone,0,10000000
20_34,54,-14,20,34,conflict_zone,0,10000000
20_35,55,-15,20,35,conflict_zone,0,10000000
20_36,56,-16,20,36,conflict_zone,0,10000000
20_37,57,-17,20,37,conflict_zone,0,10000000
20_38,58,-18,20,38,conflict_zone,0,10000000
20_39,59,-19,20,39,conflict_zone,0,10000000
20_40,60,-20,20,40,conflict_zone,0,10000000
20_41,61,-21,20,41,conflict_zone,0,10000000
20_42,62,-22,20,42,conflict_zone,0,10000000
20_43,63,-23,20,43,conflict_zone,0,10000000
20_44,64,-24,20,44,conflict_zone,0,10000000
20_45,65,-25,20,45,conflict_zone,0,10000000
20_46,66,-26,20,46,conflict_zone,0,10000000
20_47,67,-27,20,47,conflict_zone,0,10000000
20_48,68,-28,20,48,conflict_zone,0,10000000
20_49,69,-29,20,49,conflict_zone,0,10000000
21_0,21,21,21,0,conflict_zone,0,10000000
21_1,22,20,21,1,conflict_zone,0,10000000
21_2,23,19,21,2,conflict_zone,0,10000000
21_3,24,18,21,3,conflict_zone,0,10000000
21_4,25,17,21,4,conflict_zone,0,10000000
21_5,26,16,21,5,conflict_zone,0,10000000
21_6,27,15,21,6,conflict_zone,0,10000000
21_7,28,14,21,7,conflict_zone,0,10000000
21_8,29,13,21,8,conflict_zone,0,10000000
21_9,30,12,21,9,conflict_zone,0,10000000
21_10,31,11,21,10,conflict_zone,0,10000000
21_11,32,10,21,11,conflict_zone,0,10000000
21_12,33,9,21,12,conflict_zone,0,10000000
21_13,34,8,21,13,conflict_zone,0,10000000
21_14,35,7,21,14,conflict_zone,0,10000000
21_15,36,6,21,15,conflict_zone,0,10000000
21_16,37,5,21,16,conflict_zone,0,10000000
21_17,38,4,21,17,conflict_zone,0,10000000
21_18,39,3,21,18,conflict_zone,0,10000000
21_19,40,2,21,19,conflict_zone,0,10000000
21_20,41,1,21,20,conflict_zone,0,10000000
21_21,42,0,21,21,conflict_zone,0,10000000
21_22,43,-1,21,22,conflict_zone,0,10000000
21_23,44,-2,21,23,conflict_zone,0,10000000
21_24,45,-3,21,24,conflict_zone,0,10000000
21_25,46,-4,21,25,conflict_zone,0,10000000
21_26,47,-5,21,26,conflict_zone,0,10000000
21_27,48,-6,21,27,conflict_zone,0,10000000
21_28,49,-7,21,28,conflict_zone,0,10000000
21_29,50,-8,21,29,conflict_zone,0,10000000
21_30,51,-9,21,30,conflict_zone,0,10000000
21_31,52,-10,21,31,conflict_zone,0,10000000
21_32,53,-11,21,32,conflict_zone,0,10000000
21_33,54,-12,21,33,conflict_zone,0,10000000
21_34,55,-13,21,34,conflict_zone,0,10000000
21_35,56,-14,21,35,conflict_zone,0,10000000
21_36,57,-15,21,36,conflict_zone,0,10000000
21_37,58,-16,21,37,conflict_zone,0,10000000
21_38,59,-17,21,38,conflict_zone,0,10000000
21_39,60,-18,21,39,conflict_zone,0,10000000
21_40,61,-19,21,40,conflict_zone,0,10000000
21_41,62,-20,21,41,conflict_zone,0,10000000
21_42,63,-21,21,42,conflict_zone,0,10000000
21_43,64,-22,21,43,conflict_zone,0,10000000
21_44,65,-23,21,44,conflict_zone,0,10000000
21_45,66,-24,21,45,conflict_zone,0,10000000
21_46,67,-25,21,46,conflict_zone,0,10000000
21_47,68,-26,21,47,conflict_zone,0,10000000
21_48,69,-27,21,48,conflict_zone,0,10000000
21_49,70,-28,21,49,conflict_zone,0,10000000
22_0,22,22,22,0,conflict_zone,0,10000000
22_1,23,21,22,1,conflict_zone,0,10000000
22_2,24,20,22,2,conflict_zone,0,10000000
22_3,25,19,22,3,conflict_zone,0,10000000
22_4,26,18,22,4,conflict_zone,0,10000000
22_5,27,17,22,5,conflict_zone,0,10000000
22_6,28,16,22,6,conflict_zone,0,10000000
22_7,29,15,22,7,conflict_zone,0,10000000
22_8,30,14,22,8,conflict_zone,0,10000000
22_9,31,13,22,9,conflict_zone,0,10000000
22_10,32,12,22,10,conflict_zone,0,10000000
22_11,33,11,22,11,conflict_zone,0,10000000
22_12,34,10,22,12,conflict_zone,0,10000000
22_13,35,9,22,13,conflict_zone,0,10000000
22_14,36,8,22,14,conflict_zone,0,10000000
22_15,37,7,22,15,conflict_zone,0,10000000
22_16,38,6,22,16,conflict_zone,0,10000000
22_17,39,5,22,17,conflict_zone,0,10000000
22_18,40,4,22,18,conflict_zone,0,10000000
22_19,41,3,22,19,conflict_zone,0,10000000
22_20,42,2,22,20,conflict_zone,0,10000000
22_21,43,1,22,21,conflict_zone,0,10000000
22_22,44,0,22,22,conflict_zone,0,10000000
22_23,45,-1,22,23,conflict_zone,0,10000000
22_24,46,-2,22,24,conflict_zone,0,10000000
22_25,47,-3,22,25,conflict_zone,0,10000000
22_26,48,-4,22,26,conflict_zone,0,10000000
22_27,49,-5,22,27,conflict_zone,0,10000000
22_28,50,-6,22,28,conflict_zone,0,10000000
22_29,51,-7,22,29,conflict_zone,0,10000000
22_30,52,-8,22,30,conflict_zone,0,10000000
22_31,53,-9,22,31,conflict_zone,0,10000000
22_32,54,-10,22,32,conflict_zone,0,10000000
22_33,55,-11,22,33,conflict_zone,0,10000000
22_34,56,-12,22,34,conflict_zone,0,10000000
22_35,57,-13,22,35,conflict_zone,0,10000000
22_36,58,-14,22,36,conflict_zone,0,10000000
22_37,59,-15,22,37,conflict_zone,0,10000000
22_38,60,-16,22,38,conflict_zone,0,10000000
22_39,61,-17,22,39,conflict_zone,0,10000000
22_40,62,-18,22,40,conflict_zone,0,10000000
22_41,63,-19,22,41,conflict_zone,0,10000000
22_42,64,-20,22,42,conflict_zone,0,10000000
22_43,65,-21,22,43,conflict_zone,0,10000000
22_44,66,-22,22,44,conflict_zone,0,10000000
22_45,67,-23,22,45,conflict_zone,0,10000000
22_46,68,-24,22,46,conflict_zone,0,10000000
22_47,69,-25,22,47,conflict_zone,0,10000000
22_48,70,-26,22,48,conflict_zone,0,10000000
22_49,71,-27,22,49,conflict_zone,0,10000000
23_0,23,23,23,0,conflict_zone,0,10000000
23_1,24,22,23,1,conflict_zone,0,10000000
23_2,25,21,23,2,conflict_zone,0,10000000
23_3,26,20,23,3,conflict_zone,0,10000000
23_4,27,19,23,4,conflict_zone,0,10000000
23_5,28,18,23,5,conflict_zone,0,10000000
23_6,29,17,23,6,conflict_zone,0,10000000
23_7,30,16,23,7,conflict_zone,0,10000000
23_8,31,15,23,8,conflict_zone,0,10000000
23_9,32,14,23,9,conflict_zone,0,10000000
23_10,33,13,23,10,conflict_zone,0,10000000
23_11,34,12,23,11,conflict_zone,0,10000000
23_12,35,11,23,12,conflict_zone,0,10000000
23_13,36,10,23,13,conflict_zone,0,10000000
23_14,37,9,23,14,conflict_zone,0,10000000
23_15,38,8,23,15,conflict_zone,0,10000000
23_16,39,7,23,16,conflict_zone,0,10000000
23_17,40,6,23,17,conflict_zone,0,10000000
23_18,41,5,23,18,conflict_zone,0,10000000
23_19,42,4,23,19,conflict_zone,0,10000000
23_20,43,3,23,20,conflict_zone,0,10000000
23_21,44,2,23,21,conflict_zone,0,10000000
23_22,45,1,23,22,conflict_zone,0,10000000
23_23,46,0,23,23,conflict_zone,0,10000000
23_24,47,-1,23,24,conflict_zone,0,10000000
23_25,48,-2,23,25,conflict_zone,0,10000000
23_26,49,-3,23,26,conflict_zone,0,10000000
23_27,50,-4,23,27,conflict_zone,0,10000000
23_28,51,-5,23,28,conflict_zone,0,10000000
23_29,52,-6,23,29,conflict_zone,0,10000000
23_30,53,-7,23,30,conflict_zone,0,10000000
23_31,54,-8,23,31,conflict_zone,0,10000000
23_32,55,-9,23,32,conflict_zone,0,10000000
23_33,56,-10,23,33,conflict_zone,0,10000000
23_34,57,-11,23,34,conflict_zone,0,10000000
23_35,58,-12,23,35,conflict_zone,0,10000000
23_36,59,-13,23,36,conflict_zone,0,10000000
23_37,60,-14,23,37,conflict_zone,0,10000000
23_38,61,-15,23,38,conflict_zone,0,10000000
23_39,62,-16,23,39,conflict_zone,0,10000000
23_40,63,-17,23,40,conflict_zone,0,10000000
23_41,64,-18,23,41,conflict_zone,0,10000000
23_42,65,-19,23,42,conflict_zone,0,10000000
23_43,66,-20,23,43,conflict_zone,0,10000000
23_44,67,-21,23,44,conflict_zone,0,10000000
23_45,68,-22,23,45,conflict_zone,0,10000000
23_46,69,-23,23,46,conflict_zone,0,10000000
23_47,70,-24,23,47,conflict_zone,0,10000000
23_48,71,-25,23,48,conflict_zone,0,10000000
23_49,72,-26,23,49,conflict_zone,0,10000000
24_0,24,24,24,0,conflict_zone,0,10000000
24_1,25,23,24,1,conflict_zone,0,10000000
24_2,26,22,24,2,conflict_zone,0,10000000
24_3,27,21,24,3,conflict_zone,0,10000000
24_4,28,20,24,4,conflict_zone,0,10000000
24_5,29,19,24,5,conflict_zone,0,10000000
24_6,30,18,24,6,conflict_zone,0,10000000
24_7,31,17,24,7,conflict_zone,0,10000000
24_8,32,16,24,8,conflict_zone,0,10000000
24_9,33,15,24,9,conflict_zone,0,10000000
24_10,34,14,24,10,conflict_zone,0,10000000
24_11,35,13,24,11,conflict_zone,0,10000000
24_12,36,12,24,12,conflict_zone,0,10000000
24_13,37,11,24,13,conflict_zone,0,10000000
24_14,38,10,24,14,conflict_zone,0,10000000
24_15,39,9,24,15,conflict_zone,0,10000000
24_16,40,8,24,16,conflict_zone,0,10000000
24_17,41,7,24,17,conflict_zone,0,10000000
24_18,42,6,24,18,conflict_zone,0,10000000
24_19,43,5,24,19,conflict_zone,0,10000000
24_20,44,4,24,20,conflict_zone,0,10000000
24_21,45,3,24,21,conflict_zone,0,10000000
24_22,46,2,24,22,conflict_zone,0,10000000
24_23,47,1,24,23,conflict_zone,0,10000000
24_24,48,0,24,24,conflict_zone,0,10000000
24_25,49,-1,24,25,conflict_zone,0,10000000
24_26,50,-2,24,26,conflict_zone,0,10000000
24_27,51,-3,24,27,conflict_zone,0,10000000
24_28,52,-4,24,28,conflict_zone,0,10000000
24_29,53,-5,24,29,conflict_zone,0,10000000
24_30,54,-6,24,30,conflict_zone,0,10000000
24_31,55,-7,24,31,conflict_zone,0,10000000
24_32,56,-8,24,32,conflict_zone,0,10000000
24_33,57,-9,24,33,conflict_zone,0,10000000
24_34,58,-10,24,34,conflict_zone,0,10000000
24_35,59,-11,24,35,conflict_zone,0,10000000
24_36,60,-12,24,36,conflict_zone,0,10000000
24_37,61,-13,24,37,conflict_zone,0,10000000
24_38,62,-14,24,38,conflict_zone,0,10000000
24_39,63,-15,24,39,conflict_zone,0,10000000
24_40,64,-16,24,40,conflict_zone,0,10000000
24_41,65,-17,24,41,conflict_zone,0,10000000
24_42,66,-18,24,42,conflict_zone,0,10000000
24_43,67,-19,24,43,conflict_zone,0,10000000
24_44,68,-20,24,44,conflict_zone,0,10000000
24_45,69,-21,24,45,conflict_zone,0,10000000
24_46,70,-22,24,46,conflict_zone,0,10000000
24_47,71,-23,24,47,conflict_zone,0,10000000
24_48,72,-24,24,48,conflict_zone,0,10000000
24_49,73,-25,24,49,conflict_zone,0,10000000
25_0,25,25,25,0,conflict_zone,0,10000000
25_1,26,24,25,1,conflict_zone,0,10000000
25_2,27,23,25,2,conflict_zone,0,10000000
25_3,28,22,25,3,conflict_zone,0,10000000
25_4,29,21,25,4,conflict_zone,0,10000000
25_5,30,20,25,5,conflict_zone,0,10000000
25_6,31,19,25,6,conflict_zone,0,10000000
25_7,32,18,25,7,conflict_zone,0,10000000
25_8,33,17,25,8,conflict_zone,0,10000000
25_9,34,16,25,9,conflict_zone,0,10000000
25_10,35,15,25,10,conflict_zone,0,10000000
25_11,36,14,25,11,conflict_zone,0,10000000
25_12,37,13,25,12,conflict_zone,0,10000000
25_13,38,12,25,13,conflict_zone,0,10000000
25_14,39,11,25,14,conflict_zone,0,10000000
25_15,40,10,25,15,conflict_zone,0,10000000
25_16,41,9,25,16,conflict_zone,0,10000000
25_17,42,8,25,17,conflict_zone,0,10000000
25_18,43,7,25,18,conflict_zone,0,10000000
25_19,44,6,25,19,conflict_zone,0,10000000
25_20,45,5,25,20,conflict_zone,0,10000000
25_21,46,4,25,21,conflict_zone,0,10000000
25_22,47,3,25,22,conflict_zone,0,10000000
25_23,48,2,25,23,conflict_zone,0,10000000
25_24,49,1,25,24,conflict_zone,0,10000000
25_25,50,0,25,25,conflict_zone,0,10000000
25_26,51,-1,25,26,conflict_zone,0,10000000
25_27,52,-2,25,27,conflict_zone,0,10000000
25_28,53,-3,25,28,conflict_zone,0,10000000
25_29,54,-4,25,29,conflict_zone,0,10000000
25_30,55,-5,25,30,conflict_zone,0,10000000
25_31,56,-6,25,31,conflict_zone,0,10000000
25_32,57,-7,25,32,conflict_zone,0,10000000
25_33,58,-8,25,33,conflict_zone,0,10000000
25_34,59,-9,25,34,conflict_zone,0,10000000
25_35,60,-10,25,35,conflict_zone,0,10000000
25_36,61,-11,25,36,conflict_zone,0,10000000
25_37,62,-12,25,37,conflict_zone,0,10000000
25_38,63,-13,25,38,conflict_zone,0,10000000
25_39,64,-14,25,39,conflict_zone,0,10000000
25_40,65,-15,25,40,conflict_zone,0,10000000
25_41,66,-16,25,41,conflict_zone,0,10000000
25_42,67,-17,25,42,conflict_zone,0,10000000
25_43,68,-18,25,43,conflict_zone,0,10000000
25_44,69,-19,25,44,conflict_zone,0,10000000
25_45,70,-20,25,45,conflict_zone,0,10000000
25_46,71,-21,25,46,conflict_zone,0,10000000
25_47,72,-22,25,47,conflict_zone,0,10000000
25_48,73,-23,25,48,conflict_zone,0,10000000
25_49,74,-24,25,49,conflict_zone,0,10000000
26_0,26,26,26,0,conflict_zone,0,10000000
26_1,27,25,26,1,conflict_zone,0,10000000
26_2,28,24,26,2,conflict_zone,0,10000000
26_3,29,23,26,3,conflict_zone,0,10000000
26_4,30,22,26,4,conflict_zone,0,10000000
26_5,31,21,26,5,conflict_zone,0,10000000
26_6,32,20,26,6,conflict_zone,0,10000000
26_7,33,19,26,7,conflict_zone,0,10000000
26_8,34,18,26,8,conflict_zone,0,10000000
26_9,35,17,26,9,conflict_zone,0,10000000
26_10,36,16,26,10,conflict_zone,0,10000000
26_11,37,15,26,11,conflict_zone,0,10000000
26_12,38,14,26,12,conflict_zone,0,10000000
26_13,39,13,26,13,conflict_zone,0,10000000
26_14,40,12,26,14,conflict_zone,0,10000000
26_15,41,11,26,15,conflict_zone,0,10000000
26_16,42,10,26,16,conflict_zone,0,10000000
26_17,43,9,26,17,conflict_zone,0,10000000
26_18,44,8,26,18,conflict_zone,0,10000000
26_19,45,7,26,19,conflict_zone,0,10000000
26_20,46,6,26,20,conflict_zone,0,10000000
26_21,47,5,26,21,conflict_zone,0,10000000
26_22,48,4,26,22,conflict_zone,0,10000000
26_23,49,3,26,23,conflict_zone,0,10000000
26_24,50,2,26,24,conflict_zone,0,10000000
26_25,51,1,26,25,conflict_zone,0,10000000
26_26,52,0,26,26,conflict_zone,0,10000000
26_27,53,-1,26,27,conflict_zone,0,10000000
26_28,54,-2,26,28,conflict_zone,0,10000000
26_29,55,-3,26,29,conflict_zone,0,10000000
26_30,56,-4,26,30,conflict_zone,0,10000000
26_31,57,-5,26,31,conflict_zone,0,10000000
26_32,58,-6,26,32,conflict_zone,0,10000000
26_33,59,-7,26,33,conflict_zone,0,10000000
26_34,60,-8,26,34,conflict_zone,0,10000000
26_35,61,-9,26,35,conflict_zone,0,10000000
26_36,62,-10,26,36,conflict_zone,0,10000000
26_37,63,-11,26,37,conflict_zone,0,10000000
26_38,64,-12,26,38,conflict_zone,0,10000000
26_39,65,-13,26,39,conflict_zone,0,10000000
26_40,66,-14,26,40,conflict_zone,0,10000000
26_41,67,-15,26,41,conflict_zone,0,10000000
26_42,68,-16,26,42,conflict_zone,0,10000000
26_43,69,-17,26,43,conflict_zone,0,10000000
26_44,70,-18,26,44,conflict_zone,0,10000000
26_45,71,-19,26,45,conflict_zone,0,10000000
26_46,72,-20,26,46,conflict_zone,0,10000000
26_47,73,-21,26,47,conflict_zone,0,10000000
26_48,74,-22,26,48,conflict_zone,0,10000000
26_49,75,-23,26,49,conflict_zone,0,10000000
27_0,27,27,27,0,conflict_zone,0,10000000
27_1,28,26,27,1,conflict_zone,0,10000000
27_2,29,25,27,2,conflict_zone,0,10000000
27_3,30,24,27,3,conflict_zone,0,10000000
27_4,31,23,27,4,conflict_zone,0,10000000
27_5,32,22,27,5,conflict_zone,0,10000000
27_6,33,21,27,6,conflict_zone,0,10000000
27_7,34,20,27,7,conflict_zone,0,10000000
27_8,35,19,27,8,conflict_zone,0,10000000
27_9,36,18,27,9,conflict_zone,0,10000000
27_10,37,17,27,10,conflict_zone,0,10000000
27_11,38,16,27,11,conflict_zone,0,10000000
27_12,39,15,27,12,conflict_zone,0,10000000
27_13,40,14,27,13,conflict_zone,0,10000000
27_14,41,13,27,14,conflict_zone,0,10000000
27_15,42,12,27,15,conflict_zone,0,10000000
27_16,43,11,27,16,conflict_zone,0,10000000
27_17,44,10,27,17,conflict_zone,0,10000000
27_18,45,9,27,18,conflict_zone,0,10000000
27_19,46,8,27,19,conflict_zone,0,10000000
27_20,47,7,27,20,conflict_zone,0,10000000
27_21,48,6,27,21,conflict_zone,0,10000000
27_22,49,5,27,22,conflict_zone,0,10000000
27_23,50,4,27,23,conflict_zone,0,10000000
27_24,51,3,27,24,conflict_zone,0,10000000
27_25,52,2,27,25,conflict_zone,0,10000000
27_26,53,1,27,26,conflict_zone,0,10000000
27_27,54,0,27,27,conflict_zone,0,10000000
27_28,55,-1,27,28,conflict_zone,0,10000000
27_29,56,-2,27,29,conflict_zone,0,10000000
27_30,57,-3,27,30,conflict_zone,0,10000000
27_31,58,-4,27,31,conflict_zone,0,10000000
27_32,59,-5,27,32,conflict_zone,0,10000000
27_33,60,-6,27,33,conflict_zone,0,10000000
27_34,61,-7,27,34,conflict_zone,0,10000000
27_35,62,-8,27,35,conflict_zone,0,10000000
27_36,63,-9,27,36,conflict_zone,0,10000000
27_37,64,-10,27,37,conflict_zone,0,10000000
27_38,65,-11,27,38,conflict_zone,0,10000000
27_39,66,-12,27,39,conflict_zone,0,10000000
27_40,67,-13,27,40,conflict_zone,0,10000000
27_41,68,-14,27,41,conflict_zone,0,10000000
27_42,69,-15,27,42,conflict_zone,0,10000000
27_43,70,-16,27,43,conflict_zone,0,10000000
27_44,71,-17,27,44,conflict_zone,0,10000000
27_45,72,-18,27,45,conflict_zone,0,10000000
27_46,73,-19,27,46,conflict_zone,0,10000000
27_47,74,-20,27,47,conflict_zone,0,10000000
27_48,75,-21,27,48,conflict_zone,0,10000000
27_49,76,-22,27,49,conflict_zone,0,10000000
28_0,28,28,28,0,conflict_zone,0,10000000
28_1,29,27,28,1,conflict_zone,0,10000000
28_2,30,26,28,2,conflict_zone,0,10000000
28_3,31,25,28,3,conflict_zone,0,10000000
28_4,32,24,28,4,conflict_zone,0,10000000
28_5,33,23,28,5,conflict_zone,0,10000000
28_6,34,22,28,6,conflict_zone,0,10000000
28_7,35,21,28,7,conflict_zone,0,10000000
28_8,36,20,28,8,conflict_zone,0,10000000
28_9,37,19,28,9,conflict_zone,0,10000000
28_10,38,18,28,10,conflict_zone,0,10000000
28_11,39,17,28,11,conflict_zone,0,10000000
28_12,40,16,28,12,conflict_zone,0,10000000
28_13,41,15,28,13,conflict_zone,0,10000000
28_14,42,14,28,14,conflict_zone,0,10000000
28_15,43,13,28,15,conflict_zone,0,10000000
28_16,44,12,28,16,conflict_zone,0,10000000
28_17,45,11,28,17,conflict_zone,0,10000000
28_18,46,10,28,18,conflict_zone,0,10000000
28_19,47,9,28,19,conflict_zone,0,10000000
28_20,48,8,28,20,conflict_zone,0,10000000
28_21,49,7,28,21,conflict_zone,0,10000000
28_22,50,6,28,22,conflict_zone,0,10000000
28_23,51,5,28,23,conflict_zone,0,10000000
28_24,52,4,28,24,conflict_zone,0,10000000
28_25,53,3,28,25,conflict_zone,0,10000000
28_26,54,2,28,26,conflict_zone,0,10000000
28_27,55,1,28,27,conflict_zone,0,10000000
28_28,56,0,28,28,conflict_zone,0,10000000
28_29,57,-1,28,29,conflict_zone,0,10000000
28_30,58,-2,28,30,conflict_zone,0,10000000
28_31,59,-3,28,31,conflict_zone,0,10000000
28_32,60,-4,28,32,conflict_zone,0,10000000
28_33,61,-5,28,33,conflict_zone,0,10000000
28_34,62,-6,28,34,conflict_zone,0,10000000
28_35,63,-7,28,35,conflict_zone,0,10000000
28_36,64,-8,28,36,conflict_zone,0,10000000
28_37,65,-9,28,37,conflict_zone,0,10000000
28_38,66,-10,28,38,conflict_zone,0,10000000
28_39,67,-11,28,39,conflict_zone,0,10000000
28_40,68,-12,28,40,conflict_zone,0,10000000
28_41,69,-13,28,41,conflict_zone,0,10000000
28_42,70,-14,28,42,conflict_zone,0,10000000
28_43,71,-15,28,43,conflict_zone,0,10000000
28_44,72,-16,28,44,conflict_zone,0,10000000
28_45,73,-17,28,45,conflict_zone,0,10000000
28_46,74,-18,28,46,conflict_zone,0,10000000
28_47,75,-19,28,47,conflict_zone,0,10000000
28_48,76,-20,28,48,conflict_zone,0,10000000
28_49,77,-21,28,49,conflict_zone,0,10000000
29_0,29,29,29,0,conflict_zone,0,10000000
29_1,30,28,29,1,conflict_zone,0,10000000
29_2,31,27,29,2,conflict_zone,0,10000000
29_3,32,26,29,3,conflict_zone,0,10000000
29_4,33,25,29,4,conflict_zone,0,10000000
29_5,34,24,29,5,conflict_zone,0,10000000
29_6,35,23,29,6,conflict_zone,0,10000000
29_7,36,22,29,7,conflict_zone,0,10000000
29_8,37,21,29,8,conflict_zone,0,10000000
29_9,38,20,29,9,conflict_zone,0,10000000
29_10,39,19,29,10,conflict_zone,0,10000000
29_11,40,18,29,11,conflict_zone,0,10000000
29_12,41,17,29,12,conflict_zone,0,10000000
29_13,42,16,29,13,conflict_zone,0,10000000
29_14,43,15,29,14,conflict_zone,0,10000000
29_15,44,14,29,15,conflict_zone,0,10000000
29_16,45,13,29,16,conflict_zone,0,10000000
29_17,46,12,29,17,conflict_zone,0,10000000
29_18,47,11,29,18,conflict_zone,0,10000000
29_19,48,10,29,19,conflict_zone,0,10000000
29_20,49,9,29,20,conflict_zone,0,10000000
29_21,50,8,29,21,conflict_zone,0,10000000
29_22,51,7,29,22,conflict_zone,0,10000000
29_23,52,6,29,23,conflict_zone,0,10000000
29_24,53,5,29,24,conflict_zone,0,10000000
29_25,54,4,29,25,conflict_zone,0,10000000
29_26,55,3,29,26,conflict_zone,0,10000000
29_27,56,2,29,27,conflict_zone,0,10000000
29_28,57,1,29,28,conflict_zone,0,10000000
29_29,58,0,29,29,conflict_zone,0,10000000
29_30,59,-1,29,30,conflict_zone,0,10000000
29_31,60,-2,29,31,conflict_zone,0,10000000
29_32,61,-3,29,32,conflict_zone,0,10000000
29_33,62,-4,29,33,conflict_zone,0,10000000
29_34,63,-5,29,34,conflict_zone,0,10000000
29_35,64,-6,29,35,conflict_zone,0,10000000
29_36,65,-7,29,36,conflict_zone,0,10000000
29_37,66,-8,29,37,conflict_zone,0,10000000
29_38,67,-9,29,38,conflict_zone,0,10000000
29_39,68,-10,29,39,conflict_zone,0,10000000
29_40,69,-11,29,40,conflict_zone,0,10000000
29_41,70,-12,29,41,conflict_zone,0,10000000
29_42,71,-13,29,42,conflict_zone,0,10000000
29_43,72,-14,29,43,conflict_zone,0,10000000
29_44,73,-15,29,44,conflict_zone,0,10000000
29_45,74,-16,29,45,conflict_zone,0,10000000
29_46,75,-17,29,46,conflict_zone,0,10000000
29_47,76,-18,29,47,conflict_zone,0,10000000
29_48,77,-19,29,48,conflict_zone,0,10000000
29_49,78,-20,29,49,conflict_zone,0,10000000
30_0,30,30,30,0,conflict_zone,0,10000000
30_1,31,29,30,1,conflict_zone,0,10000000
30_2,32,28,30,2,conflict_zone,0,10000000
30_3,33,27,30,3,conflict_zone,0,10000000
30_4,34,26,30,4,conflict_zone,0,10000000
30_5,35,25,30,5,conflict_zone,0,10000000
30_6,36,24,30,6,conflict_zone,0,10000000
30_7,37,23,30,7,conflict_zone,0,10000000
30_8,38,22,30,8,conflict_zone,0,10000000
30_9,39,21,30,9,conflict_zone,0,10000000
30_10,40,20,30,10,conflict_zone,0,10000000
30_11,41,19,30,11,conflict_zone,0,10000000
30_12,42,18,30,12,conflict_zone,0,10000000
30_13,43,17,30,13,conflict_zone,0,10000000
30_14,44,16,30,14,conflict_zone,0,10000000
30_15,45,15,30,15,conflict_zone,0,10000000
30_16,46,14,30,16,conflict_zone,0,10000000
30_17,47,13,30,17,conflict_zone,0,10000000
30_18,48,12,30,18,conflict_zone,0,10000000
30_19,49,11,30,19,conflict_zone,0,10000000
30_20,50,10,30,20,conflict_zone,0,10000000
30_21,51,9,30,21,conflict_zone,0,10000000
30_22,52,8,30,22,conflict_zone,0,10000000
30_23,53,7,30,23,conflict_zone,0,10000000
30_24,54,6,30,24,conflict_zone,0,10000000
30_25,55,5,30,25,conflict_zone,0,10000000
30_26,56,4,30,26,conflict_zone,0,10000000
30_27,57,3,30,27,conflict_zone,0,10000000
30_28,58,2,30,28,conflict_zone,0,10000000
30_29,59,1,30,29,conflict_zone,0,10000000
30_30,60,0,30,30,conflict_zone,0,10000000
30_31,61,-1,30,31,conflict_zone,0,10000000
30_32,62,-2,30,32,conflict_zone,0,10000000
30_33,63,-3,30,33,conflict_zone,0,10000000
30_34,64,-4,30,34,conflict_zone,0,10000000
30_35,65,-5,30,35,conflict_zone,0,10000000
30_36,66,-6,30,36,conflict_zone,0,10000000
30_37,67,-7,30,37,conflict_zone,0,10000000
30_38,68,-8,30,38,conflict_zone,0,10000000
30_39,69,-9,30,39,conflict_zone,0,10000000
30_40,70,-10,30,40,conflict_zone,0,10000000
30_41,71,-11,30,41,conflict_zone,0,10000000
30_42,72,-12,30,42,conflict_zone,0,10000000
30_43,73,-13,30,43,conflict_zone,0,10000000
30_44,74,-14,30,44,conflict_zone,0,10000000
30_45,75,-15,30,45,conflict_zone,0,10000000
30_46,76,-16,30,46,conflict_zone,0,10000000
30_47,77,-17,30,47,conflict_zone,0,10000000
30_48,78,-18,30,48,conflict_zone,0,10000000
30_49,79,-19,30,49,conflict_zone,0,10000000
31_0,31,31,31,0,camp,0,10000000
31_1,32,30,31,1,town,0,10000000
31_2,33,29,31,2,town,0,10000000
31_3,34,28,31,3,town,0,10000000
31_4,35,27,31,4,town,0,10000000
31_5,36,26,31,5,town,0,10000000
31_6,37,25,31,6,town,0,10000000
31_7,38,24,31,7,town,0,10000000
31_8,39,23,31,8,town,0,10000000
31_9,40,22,31,9,town,0,10000000
31_10,41,21,31,10,town,0,10000000
31_11,42,20,31,11,town,0,10000000
31_12,43,19,31,12,town,0,10000000
31_13,44,18,31,13,town,0,10000000
31_14,45,17,31,14,town,0,10000000
31_15,46,16,31,15,town,0,10000000
31_16,47,15,31,16,town,0,10000000
31_17,48,14,31,17,town,0,10000000
31_18,49,13,31,18,town,0,10000000
31_19,50,12,31,19,town,0,10000000
31_20,51,11,31,20,conflict_zone,0,10000000
31_21,52,10,31,21,conflict_zone,0,10000000
31_22,53,9,31,22,conflict_zone,0,10000000
31_23,54,8,31,23,conflict_zone,0,10000000
31_24,55,7,31,24,conflict_zone,0,10000000
31_25,56,6,31,25,conflict_zone,0,10000000
31_26,57,5,31,26,conflict_zone,0,10000000
31_27,58,4,31,27,conflict_zone,0,10000000
31_28,59,3,31,28,conflict_zone,0,10000000
31_29,60,2,31,29,conflict_zone,0,10000000
31_30,61,1,31,30,conflict_zone,0,10000000
31_31,62,0,31,31,town,0,10000000
31_32,63,-1,31,32,town,0,10000000
31_33,64,-2,31,33,town,0,10000000
31_34,65,-3,31,34,town,0,10000000
31_35,66,-4,31,35,town,0,10000000
31_36,67,-5,31,36,town,0,10000000
31_37,68,-6,31,37,town,0,10000000
31_38,69,-7,31,38,town,0,10000000
31_39,70,-8,31,39,town,0,10000000
31_40,71,-9,31,40,town,0,10000000
31_41,72,-10,31,41,town,0,10000000
31_42,73,-11,31,42,town,0,10000000
31_43,74,-12,31,43,town,0,10000000
31_44,75,-13,31,44,town,0,10000000
31_45,76,-14,31,45,town,0,10000000
31_46,77,-15,31,46,town,0,10000000
31_47,78,-16,31,47,town,0,10000000
31_48,79,-17,31,48,town,0,10000000
31_49,80,-18,31,49,camp,0,10000000
32_0,32,32,32,0,camp,0,10000000
32_1,33,31,32,1,town,0,10000000
32_2,34,30,32,2,town,0,10000000
32_3,35,29,32,3,town,0,10000000
32_4,36,28,32,4,town,0,10000000
32_5,37,27,32,5,town,0,10000000
32_6,38,26,32,6,town,0,10000000
32_7,39,25,32,7,town,0,10000000
32_8,40,24,32,8,town,0,10000000
32_9,41,23,32,9,town,0,10000000
32_10,42,22,32,10,town,0,10000000
32_11,43,21,32,11,town,0,10000000
32_12,44,20,32,12,town,0,10000000
32_13,45,19,32,13,town,0,10000000
32_14,46,18,32,14,town,0,10000000
32_15,47,17,32,15,town,0,10000000
32_16,48,16,32,16,town,0,10000000
32_17,49,15,32,17,town,0,10000000
32_18,50,14,32,18,town,0,10000000
32_19,51,13,32,19,town,0,10000000
32_20,52,12,32,20,conflict_zone,0,10000000
32_21,53,11,32,21,conflict_zone,0,10000000
32_22,54,10,32,22,conflict_zone,0,10000000
32_23,55,9,32,23,conflict_zone,0,10000000
32_24,56,8,32,24,conflict_zone,0,10000000
32_25,57,7,32,25,conflict_zone,0,10000000
32_26,58,6,32,26,conflict_zone,0,10000000
32_27,59,5,32,27,conflict_zone,0,10000000
32_28,60,4,32,28,conflict_zone,0,10000000
32_29,61,3,32,29,conflict_zone,0,10000000
32_30,62,2,32,30,conflict_zone,0,10000000
32_31,63,1,32,31,town,0,10000000
32_32,64,0,32,32,town,0,10000000
32_33,65,-1,32,33,town,0,10000000
32_34,66,-2,32,34,town,0,10000000
32_35,67,-3,32,35,town,0,10000000
32_36,68,-4,32,36,town,0,10000000
32_37,69,-5,32,37,town,0,10000000
32_38,70,-6,32,38,town,0,10000000
32_39,71,-7,32,39,town,0,10000000
32_40,72,-8,32,40,town,0,10000000
32_41,73,-9,32,41,town,0,10000000
32_42,74,-10,32,42,town,0,10000000
32_43,75,-11,32,43,town,0,10000000
32_44,76,-12,32,44,town,0,10000000
32_45,77,-13,32,45,town,0,10000000
32_46,78,-14,32,46,town,0,10000000
32_47,79,-15,32,47,town,0,10000000
32_48,80,-16,32,48,town,0,10000000
32_49,81,-17,32,49,camp,0,10000000
33_0,33,33,33,0,camp,0,10000000
33_1,34,32,33,1,town,0,10000000
33_2,35,31,33,2,town,0,10000000
33_3,36,30,33,3,town,0,10000000
33_4,37,29,33,4,town,0,10000000
33_5,38,28,33,5,town,0,10000000
33_6,39,27,33,6,town,0,10000000
33_7,40,26,33,7,town,0,10000000
33_8,41,25,33,8,town,0,10000000
33_9,42,24,33,9,town,0,10000000
33_10,43,23,33,10,town,0,10000000
33_11,44,22,33,11,town,0,10000000
33_12,45,21,33,12,town,0,10000000
33_13,46,20,33,13,town,0,10000000
33_14,47,19,33,14,town,0,10000000
33_15,48,18,33,15,town,0,10000000
33_16,49,17,33,16,town,0,10000000
33_17,50,16,33,17,town,0,10000000
33_18,51,15,33,18,town,0,10000000
33_19,52,14,33,19,town,0,10000000
33_20,53,13,33,20,conflict_zone,0,10000000
33_21,54,12,33,21,conflict_zone,0,10000000
33_22,55,11,33,22,conflict_zone,0,10000000
33_23,56,10,33,23,conflict_zone,0,10000000
33_24,57,9,33,24,conflict_zone,0,10000000
33_25,58,8,33,25,conflict_zone,0,10000000
33_26,59,7,33,26,conflict_zone,0,10000000
33_27,60,6,33,27,conflict_zone,0,10000000
33_28,61,5,33,28,conflict_zone,0,10000000
33_29,62,4,33,29,conflict_zone,0,10000000
33_30,63,3,33,30,conflict_zone,0,10000000
33_31,64,2,33,31,town,0,10000000
33_32,65,1,33,32,town,0,10000000
33_33,66,0,33,33,town,0,10000000
33_34,67,-1,33,34,town,0,10000000
33_35,68,-2,33,35,town,0,10000000
33_36,69,-3,33,36,town,0,10000000
33_37,70,-4,33,37,town,0,10000000
33_38,71,-5,33,38,town,0,10000000
33_39,72,-6,33,39,town,0,10000000
33_40,73,-7,33,40,town,0,10000000
33_41,74,-8,33,41,town,0,10000000
33_42,75,-9,33,42,town,0,10000000
33_43,76,-10,33,43,town,0,10000000
33_44,77,-11,33,44,town,0,10000000
33_45,78,-12,33,45,town,0,10000000
33_46,79,-13,33,46,town,0,10000000
33_47,80,-14,33,47,town,0,10000000
33_48,81,-15,33,48,town,0,10000000
33_49,82,-16,33,49,camp,0,10000000
34_0,34,34,34,0,camp,0,10000000
34_1,35,33,34,1,town,0,10000000
34_2,36,32,34,2,town,0,10000000
34_3,37,31,34,3,town,0,10000000
34_4,38,30,34,4,town,0,10000000
34_5,39,29,34,5,town,0,10000000
34_6,40,28,34,6,town,0,10000000
34_7,41,27,34,7,town,0,10000000
34_8,42,26,34,8,town,0,10000000
34_9,43,25,34,9,town,0,10000000
34_10,44,24,34,10,town,0,10000000
34_11,45,23,34,11,town,0,10000000
34_12,46,22,34,12,town,0,10000000
34_13,47,21,34,13,town,0,10000000
34_14,48,20,34,14,town,0,10000000
34_15,49,19,34,15,town,0,10000000
34_16,50,18,34,16,town,0,10000000
34_17,51,17,34,17,town,0,10000000
34_18,52,16,34,18,town,0,10000000
34_19,53,15,34,19,town,0,10000000
34_20,54,14,34,20,conflict_zone,0,10000000
34_21,55,13,34,21,conflict_zone,0,10000000
34_22,56,12,34,22,conflict_zone,0,10000000
34_23,57,11,34,23,conflict_zone,0,10000000
34_24,58,10,34,24,conflict_zone,0,10000000
34_25,59,9,34,25,conflict_zone,0,10000000
34_26,60,8,34,26,conflict_zone,0,10000000
34_27,61,7,34,27,conflict_zone,0,10000000
34_28,62,6,34,28,conflict_zone,0,10000000
34_29,63,5,34,29,conflict_zone,0,10000000
34_30,64,4,34,30,conflict_zone,0,10000000
34_31,65,3,34,31,town,0,10000000
34_32,66,2,34,32,town,0,10000000
34_33,67,1,34,33,town,0,10000000
34_34,68,0,34,34,town,0,10000000
34_35,69,-1,34,35,town,0,10000000
34_36,70,-2,34,36,town,0,10000000
34_37,71,-3,34,37,town,0,10000000
34_38,72,-4,34,38,town,0,10000000
34_39,73,-5,34,39,town,0,10000000
34_40,74,-6,34,40,town,0,10000000
34_41,75,-7,34,41,town,0,10000000
34_42,76,-8,34,42,town,0,10000000
34_43,77,-9,34,43,town,0,10000000
34_44,78,-10,34,44,town,0,10000000
34_45,79,-11,34,45,town,0,10000000
34_46,80,-12,34,46,town,0,10000000
34_47,81,-13,34,47,town,0,10000000
34_48,82,-14,34,48,town,0,10000000
34_49,83,-15,34,49,camp,0,10000000
35_0,35,35,35,0,camp,0,10000000
35_1,36,34,35,1,town,0,10000000
35_2,37,33,35,2,town,0,10000000
35_3,38,32,35,3,town,0,10000000
35_4,39,31,35,4,town,0,10000000
35_5,40,30,35,5,town,0,10000000
35_6,41,29,35,6,town,0,10000000
35_7,42,28,35,7,town,0,10000000
35_8,43,27,35,8,town,0,10000000
35_9,44,26,35,9,town,0,10000000
35_10,45,25,35,10,town,0,10000000
35_11,46,24,35,11,town,0,10000000
35_12,47,23,35,12,town,0,10000000
35_13,48,22,35,13,town,0,10000000
35_14,49,21,35,14,town,0,10000000
35_15,50,20,35,15,town,0,10000000
35_16,51,19,35,16,town,0,10000000
35_17,52,18,35,17,town,0,10000000
35_18,53,17,35,18,town,0,10000000
35_19,54,16,35,19,town,0,10000000
35_20,55,15,35,20,conflict_zone,0,10000000
35_21,56,14,35,21,conflict_zone,0,10000000
35_22,57,13,35,22,conflict_zone,0,10000000
35_23,58,12,35,23,conflict_zone,0,10000000
35_24,59,11,35,24,conflict_zone,0,10000000
35_25,60,10,35,25,conflict_zone,0,10000000
35_26,61,9,35,26,conflict_zone,0,10000000
35_27,62,8,35,27,conflict_zone,0,10000000
35_28,63,7,35,28,conflict_zone,0,10000000
35_29,64,6,35,29,conflict_zone,0,10000000
35_30,65,5,35,30,conflict_zone,0,10000000
35_31,66,4,35,31,town,0,10000000
35_32,67,3,35,32,town,0,10000000
35_33,68,2,35,33,town,0,10000000
35_34,69,1,35,34,town,0,10000000
35_35,70,0,35,35,town,0,10000000
35_36,71,-1,35,36,town,0,10000000
35_37,72,-2,35,37,town,0,10000000
35_38,73,-3,35,38,town,0,10000000
35_39,74,-4,35,39,town,0,10000000
35_40,75,-5,35,40,town,0,10000000
35_41,76,-6,35,41,town,0,10000000
35_42,77,-7,35,42,town,0,10000000
35_43,78,-8,35,43,town,0,10000000
35_44,79,-9,35,44,town,0,10000000
35_45,80,-10,35,45,town,0,10000000
35_46,81,-11,35,46,town,0,10000000
35_47,82,-12,35,47,town,0,10000000
35_48,83,-13,35,48,town,0,10000000
35_49,84,-14,35,49,camp,0,10000000
36_0,36,36,36,0,camp,0,10000000
36_1,37,35,36,1,town,0,10000000
36_2,38,34,36,2,town,0,10000000
36_3,39,33,36,3,town,0,10000000
36_4,40,32,36,4,town,0,10000000
36_5,41,31,36,5,town,0,10000000
36_6,42,30,36,6,town,0,10000000
36_7,43,29,36,7,town,0,10000000
36_8,44,28,36,8,town,0,10000000
36_9,45,27,36,9,town,0,10000000
36_10,46,26,36,10,town,0,10000000
36_11,47,25,36,11,town,0,10000000
36_12,48,24,36,12,town,0,10000000
36_13,49,23,36,13,town,0,10000000
36_14,50,22,36,14,town,0,10000000
36_15,51,21,36,15,town,0,10000000
36_16,52,20,36,16,town,0,10000000
36_17,53,19,36,17,town,0,10000000
36_18,54,18,36,18,town,0,10000000
36_19,55,17,36,19,town,0,10000000
36_20,56,16,36,20,conflict_zone,0,10000000
36_21,57,15,36,21,conflict_zone,0,10000000
36_22,58,14,36,22,conflict_zone,0,10000000
36_23,59,13,36,23,conflict_zone,0,10000000
36_24,60,12,36,24,conflict_zone,0,10000000
36_25,61,11,36,25,conflict_zone,0,10000000
36_26,62,10,36,26,conflict_zone,0,10000000
36_27,63,9,36,27,conflict_zone,0,10000000
36_28,64,8,36,28,conflict_zone,0,10000000
36_29,65,7,36,29,conflict_zone,0,10000000
36_30,66,6,36,30,conflict_zone,0,10000000
36_31,67,5,36,31,town,0,10000000
36_32,68,4,36,32,town,0,10000000
36_33,69,3,36,33,town,0,10000000
36_34,70,2,36,34,town,0,10000000
36_35,71,1,36,35,town,0,10000000
36_36,72,0,36,36,town,0,10000000
36_37,73,-1,36,37,town,0,10000000
36_38,74,-2,36,38,town,0,10000000
36_39,75,-3,36,39,town,0,10000000
36_40,76,-4,36,40,town,0,10000000
36_41,77,-5,36,41,town,0,10000000
36_42,78,-6,36,42,town,0,10000000
36_43,79,-7,36,43,town,0,10000000
36_44,80,-8,36,44,town,0,10000000
36_45,81,-9,36,45,town,0,10000000
36_46,82,-10,36,46,town,0,10000000
36_47,83,-11,36,47,town,0,10000000
36_48,84,-12,36,48,town,0,10000000
36_49,85,-13,36,49,camp,0,10000000
37_0,37,37,37,0,camp,0,10000000
37_1,38,36,37,1,town,0,10000000
37_2,39,35,37,2,town,0,10000000
37_3,40,34,37,3,town,0,10000000
37_4,41,33,37,4,town,0,10000000
37_5,42,32,37,5,town,0,10000000
37_6,43,31,37,6,town,0,10000000
37_7,44,30,37,7,town,0,10000000
37_8,45,29,37,8,town,0,10000000
37_9,46,28,37,9,town,0,10000000
37_10,47,27,37,10,town,0,10000000
37_11,48,26,37,11,town,0,10000000
37_12,49,25,37,12,town,0,10000000
37_13,50,24,37,13,town,0,10000000
37_14,51,23,37,14,town,0,10000000
37_15,52,22,37,15,town,0,10000000
37_16,53,21,37,16,town,0,10000000
37_17,54,20,37,17,town,0,10000000
37_18,55,19,37,18,town,0,10000000
37_19,56,18,37,19,town,0,10000000
37_20,57,17,37,20,conflict_zone,0,10000000
37_21,58,16,37,21,conflict_zone,0,10000000
37_22,59,15,37,22,conflict_zone,0,10000000
37_23,60,14,37,23,conflict_zone,0,10000000
37_24,61,13,37,24,conflict_zone,0,10000000
37_25,62,12,37,25,conflict_zone,0,10000000
37_26,63,11,37,26,conflict_zone,0,10000000
37_27,64,10,37,27,conflict_zone,0,10000000
37_28,65,9,37,28,conflict_zone,0,10000000
37_29,66,8,37,29,conflict_zone,0,10000000
37_30,67,7,37,30,conflict_zone,0,10000000
37_31,68,6,37,31,town,0,10000000
37_32,69,5,37,32,town,0,10000000
37_33,70,4,37,33,town,0,10000000
37_34,71,3,37,34,town,0,10000000
37_35,72,2,37,35,town,0,10000000
37_36,73,1,37,36,town,0,10000000
37_37,74,0,37,37,town,0,10000000
37_38,75,-1,37,38,town,0,10000000
37_39,76,-2,37,39,town,0,10000000
37_40,77,-3,37,40,town,0,10000000
37_41,78,-4,37,41,town,0,10000000
37_42,79,-5,37,42,town,0,10000000
37_43,80,-6,37,43,town,0,10000000
37_44,81,-7,37,44,town,0,10000000
37_45,82,-8,37,45,town,0,10000000
37_46,83,-9,37,46,town,0,10000000
37_47,84,-10,37,47,town,0,10000000
37_48,85,-11,37,48,town,0,10000000
37_49,86,-12,37,49,camp,0,10000000
38_0,38,38,38,0,camp,0,10000000
38_1,39,37,38,1,town,0,10000000
38_2,40,36,38,2,town,0,10000000
38_3,41,35,38,3,town,0,10000000
38_4,42,34,38,4,town,0,10000000
38_5,43,33,38,5,town,0,10000000
38_6,44,32,38,6,town,0,10000000
38_7,45,31,38,7,town,0,10000000
38_8,46,30,38,8,town,0,10000000
38_9,47,29,38,9,town,0,10000000
38_10,48,28,38,10,town,0,10000000
38_11,49,27,38,11,town,0,10000000
38_12,50,26,38,12,town,0,10000000
38_13,51,25,38,13,town,0,10000000
38_14,52,24,38,14,town,0,10000000
38_15,53,23,38,15,town,0,10000000
38_16,54,22,38,16,town,0,10000000
38_17,55,21,38,17,town,0,10000000
38_18,56,20,38,18,town,0,10000000
38_19,57,19,38,19,town,0,10000000
38_20,58,18,38,20,conflict_zone,0,10000000
38_21,59,17,38,21,conflict_zone,0,10000000
38_22,60,16,38,22,conflict_zone,0,10000000
38_23,61,15,38,23,conflict_zone,0,10000000
38_24,62,14,38,24,conflict_zone,0,10000000
38_25,63,13,38,25,conflict_zone,0,10000000
38_26,64,12,38,26,conflict_zone,0,10000000
38_27,65,11,38,27,conflict_zone,0,10000000
38_28,66,10,38,28,conflict_zone,0,10000000
38_29,67,9,38,29,conflict_zone,0,10000000
38_30,68,8,38,30,conflict_zone,0,10000000
38_31,69,7,38,31,town,0,10000000
38_32,70,6,38,32,town,0,10000000
38_33,71,5,38,33,town,0,10000000
38_34,72,4,38,34,town,0,10000000
38_35,73,3,38,35,town,0,10000000
38_36,74,2,38,36,town,0,10000000
38_37,75,1,38,37,town,0,10000000
38_38,76,0,38,38,town,0,10000000
38_39,77,-1,38,39,town,0,10000000
38_40,78,-2,38,40,town,0,10000000
38_41,79,-3,38,41,town,0,10000000
38_42,80,-4,38,42,town,0,10000000
38_43,81,-5,38,43,town,0,10000000
38_44,82,-6,38,44,town,0,10000000
38_45,83,-7,38,45,town,0,10000000
38_46,84,-8,38,46,town,0,10000000
38_47,85,-9,38,47,town,0,10000000
38_48,86,-10,38,48,town,0,10000000
38_49,87,-11,38,49,camp,0,10000000
39_0,39,39,39,0,camp,0,10000000
39_1,40,38,39,1,town,0,10000000
39_2,41,37,39,2,town,0,10000000
39_3,42,36,39,3,town,0,10000000
39_4,43,35,39,4,town,0,10000000
39_5,44,34,39,5,town,0,10000000
39_6,45,33,39,6,town,0,10000000
39_7,46,32,39,7,town,0,10000000
39_8,47,31,39,8,town,0,10000000
39_9,48,30,39,9,town,0,10000000
39_10,49,29,39,10,town,0,10000000
39_11,50,28,39,11,town,0,10000000
39_12,51,27,39,12,town,0,10000000
39_13,52,26,39,13,town,0,10000000
39_14,53,25,39,14,town,0,10000000
39_15,54,24,39,15,town,0,10000000
39_16,55,23,39,16,town,0,10000000
39_17,56,22,39,17,town,0,10000000
39_18,57,21,39,18,town,0,10000000
39_19,58,20,39,19,town,0,10000000
39_20,59,19,39,20,conflict_zone,0,10000000
39_21,60,18,39,21,conflict_zone,0,10000000
39_22,61,17,39,22,conflict_zone,0,10000000
39_23,62,16,39,23,conflict_zone,0,10000000
39_24,63,15,39,24,conflict_zone,0,10000000
39_25,64,14,39,25,conflict_zone,0,10000000
39_26,65,13,39,26,conflict_zone,0,10000000
39_27,66,12,39,27,conflict_zone,0,10000000
39_28,67,11,39,28,conflict_zone,0,10000000
39_29,68,10,39,29,conflict_zone,0,10000000
39_30,69,9,39,30,conflict_zone,0,10000000
39_31,70,8,39,31,town,0,10000000
39_32,71,7,39,32,town,0,10000000
39_33,72,6,39,33,town,0,10000000
39_34,73,5,39,34,town,0,10000000
39_35,74,4,39,35,town,0,10000000
39_36,75,3,39,36,town,0,10000000
39_37,76,2,39,37,town,0,10000000
39_38,77,1,39,38,town,0,10000000
39_39,78,0,39,39,town,0,10000000
39_40,79,-1,39,40,town,0,10000000
39_41,80,-2,39,41,town,0,10000000
39_42,81,-3,39,42,town,0,10000000
39_43,82,-4,39,43,town,0,10000000
39_44,83,-5,39,44,town,0,10000000
39_45,84,-6,39,45,town,0,10000000
39_46,85,-7,39,46,town,0,10000000
39_47,86,-8,39,47,town,0,10000000
39_48,87,-9,39,48,town,0,10000000
39_49,88,-10,39,49,camp,0,10000000
40_0,40,40,40,0,camp,0,10000000
40_1,41,39,40,1,town,0,10000000
40_2,42,38,40,2,town,0,10000000
40_3,43,37,40,3,town,0,10000000
40_4,44,36,40,4,town,0,10000000
40_5,45,35,40,5,town,0,10000000
40_6,46,34,40,6,town,0,10000000
40_7,47,33,40,7,town,0,10000000
40_8,48,32,40,8,town,0,10000000
40_9,49,31,40,9,town,0,10000000
40_10,50,30,40,10,town,0,10000000
40_11,51,29,40,11,town,0,10000000
40_12,52,28,40,12,town,0,10000000
40_13,53,27,40,13,town,0,10000000
40_14,54,26,40,14,town,0,10000000
40_15,55,25,40,15,town,0,10000000
40_16,56,24,40,16,town,0,10000000
40_17,57,23,40,17,town,0,10000000
40_18,58,22,40,18,town,0,10000000
40_19,59,21,40,19,town,0,10000000
40_20,60,20,40,20,conflict_zone,0,10000000
40_21,61,19,40,21,conflict_zone,0,10000000
40_22,62,18,40,22,conflict_zone,0,10000000
40_23,63,17,40,23,conflict_zone,0,10000000
40_24,64,16,40,24,conflict_zone,0,10000000
40_25,65,15,40,25,conflict_zone,0,10000000
40_26,66,14,40,26,conflict_zone,0,10000000
40_27,67,13,40,27,conflict_zone,0,10000000
40_28,68,12,40,28,conflict_zone,0,10000000
40_29,69,11,40,29,conflict_zone,0,10000000
40_30,70,10,40,30,conflict_zone,0,10000000
40_31,71,9,40,31,town,0,10000000
40_32,72,8,40,32,town,0,10000000
40_33,73,7,40,33,town,0,10000000
40_34,74,6,40,34,town,0,10000000
40_35,75,5,40,35,town,0,10000000
40_36,76,4,40,36,town,0,10000000
40_37,77,3,40,37,town,0,10000000
40_38,78,2,40,38,town,0,10000000
40_39,79,1,40,39,town,0,10000000
40_40,80,0,40,40,town,0,10000000
40_41,81,-1,40,41,town,0,10000000
40_42,82,-2,40,42,town,0,10000000
40_43,83,-3,40,43,town,0,10000000
40_44,84,-4,40,44,town,0,10000000
40_45,85,-5,40,45,town,0,10000000
40_46,86,-6,40,46,town,0,10000000
40_47,87,-7,40,47,town,0,10000000
40_48,88,-8,40,48,town,0,10000000
40_49,89,-9,40,49,camp,0,10000000
41_0,41,41,41,0,camp,0,10000000
41_1,42,40,41,1,town,0,10000000
41_2,43,39,41,2,town,0,10000000
41_3,44,38,41,3,town,0,10000000
41_4,45,37,41,4,town,0,10000000
41_5,46,36,41,5,town,0,10000000
41_6,47,35,41,6,town,0,10000000
41_7,48,34,41,7,town,0,10000000
41_8,49,33,41,8,town,0,10000000
41_9,50,32,41,9,town,0,10000000
41_10,51,31,41,10,town,0,10000000
41_11,52,30,41,11,town,0,10000000
41_12,53,29,41,12,town,0,10000000
41_13,54,28,41,13,town,0,10000000
41_14,55,27,41,14,town,0,10000000
41_15,56,26,41,15,town,0,10000000
41_16,57,25,41,16,town,0,10000000
41_17,58,24,41,17,town,0,10000000
41_18,59,23,41,18,town,0,10000000
41_19,60,22,41,19,town,0,10000000
41_20,61,21,41,20,conflict_zone,0,10000000
41_21,62,20,41,21,conflict_zone,0,10000000
41_22,63,19,41,22,conflict_zone,0,10000000
41_23,64,18,41,23,conflict_zone,0,10000000
41_24,65,17,41,24,conflict_zone,0,10000000
41_25,66,16,41,25,conflict_zone,0,10000000
41_26,67,15,41,26,conflict_zone,0,10000000
41_27,68,14,41,27,conflict_zone,0,10000000
41_28,69,13,41,28,conflict_zone,0,10000000
41_29,70,12,41,29,conflict_zone,0,10000000
41_30,71,11,41,30,conflict_zone,0,10000000
41_31,72,10,41,31,town,0,10000000
41_32,73,9,41,32,town,0,10000000
41_33,74,8,41,33,town,0,10000000
41_34,75,7,41,34,town,0,10000000
41_35,76,6,41,35,town,0,10000000
41_36,77,5,41,36,town,0,10000000
41_37,78,4,41,37,town,0,10000000
41_38,79,3,41,38,town,0,10000000
41_39,80,2,41,39,town,0,10000000
41_40,81,1,41,40,town,0,10000000
41_41,82,0,41,41,town,0,10000000
41_42,83,-1,41,42,town,0,10000000
41_43,84,-2,41,43,town,0,10000000
41_44,85,-3,41,44,town,0,10000000
41_45,86,-4,41,45,town,0,10000000
41_46,87,-5,41,46,town,0,10000000
41_47,88,-6,41,47,town,0,10000000
41_48,89,-7,41,48,town,0,10000000
41_49,90,-8,41,49,camp,0,10000000
42_0,42,42,42,0,camp,0,10000000
42_1,43,41,42,1,town,0,10000000
42_2,44,40,42,2,town,0,10000000
42_3,45,39,42,3,town,0,10000000
42_4,46,38,42,4,town,0,10000000
42_5,47,37,42,5,town,0,10000000
42_6,48,36,42,6,town,0,10000000
42_7,49,35,42,7,town,0,10000000
42_8,50,34,42,8,town,0,10000000
42_9,51,33,42,9,town,0,10000000
42_10,52,32,42,10,town,0,10000000
42_11,53,31,42,11,town,0,10000000
42_12,54,30,42,12,town,0,10000000
42_13,55,29,42,13,town,0,10000000
42_14,56,28,42,14,town,0,10000000
42_15,57,27,42,15,town,0,10000000
42_16,58,26,42,16,town,0,10000000
42_17,59,25,42,17,town,0,10000000
42_18,60,24,42,18,town,0,10000000
42_19,61,23,42,19,town,0,10000000
42_20,62,22,42,20,conflict_zone,0,10000000
42_21,63,21,42,21,conflict_zone,0,10000000
42_22,64,20,42,22,conflict_zone,0,10000000
42_23,65,19,42,23,conflict_zone,0,10000000
42_24,66,18,42,24,conflict_zone,0,10000000
42_25,67,17,42,25,conflict_zone,0,10000000
42_26,68,16,42,26,conflict_zone,0,10000000
42_27,69,15,42,27,conflict_zone,0,10000000
42_28,70,14,42,28,conflict_zone,0,10000000
42_29,71,13,42,29,conflict_zone,0,10000000
42_30,72,12,42,30,conflict_zone,0,10000000
42_31,73,11,42,31,town,0,10000000
42_32,74,10,42,32,town,0,10000000
42_33,75,9,42,33,town,0,10000000
42_34,76,8,42,34,town,0,10000000
42_35,77,7,42,35,town,0,10000000
42_36,78,6,42,36,town,0,10000000
42_37,79,5,42,37,town,0,10000000
42_38,80,4,42,38,town,0,10000000
42_39,81,3,42,39,town,0,10000000
42_40,82,2,42,40,town,0,10000000
42_41,83,1,42,41,town,0,10000000
42_42,84,0,42,42,town,0,10000000
42_43,85,-1,42,43,town,0,10000000
42_44,86,-2,42,44,town,0,10000000
42_45,87,-3,42,45,town,0,10000000
42_46,88,-4,42,46,town,0,10000000
42_47,89,-5,42,47,town,0,10000000
42_48,90,-6,42,48,town,0,10000000
42_49,91,-7,42,49,camp,0,10000000
43_0,43,43,43,0,camp,0,10000000
43_1,44,42,43,1,town,0,10000000
43_2,45,41,43,2,town,0,10000000
43_3,46,40,43,3,town,0,10000000
43_4,47,39,43,4,town,0,10000000
43_5,48,38,43,5,town,0,10000000
43_6,49,37,43,6,town,0,10000000
43_7,50,36,43,7,town,0,10000000
43_8,51,35,43,8,town,0,10000000
43_9,52,34,43,9,town,0,10000000
43_10,53,33,43,10,town,0,10000000
43_11,54,32,43,11,town,0,10000000
43_12,55,31,43,12,town,0,10000000
43_13,56,30,43,13,town,0,10000000
43_14,57,29,43,14,town,0,10000000
43_15,58,28,43,15,town,0,10000000
43_16,59,27,43,16,town,0,10000000
43_17,60,26,43,17,town,0,10000000
43_18,61,25,43,18,town,0,10000000
43_19,62,24,43,19,town,0,10000000
43_20,63,23,43,20,conflict_zone,0,10000000
43_21,64,22,43,21,conflict_zone,0,10000000
43_22,65,21,43,22,conflict_zone,0,10000000
43_23,66,20,43,23,conflict_zone,0,10000000
43_24,67,19,43,24,conflict_zone,0,10000000
43_25,68,18,43,25,conflict_zone,0,10000000
43_26,69,17,43,26,conflict_zone,0,10000000
43_27,70,16,43,27,conflict_zone,0,10000000
43_28,71,15,43,28,conflict_zone,0,10000000
43_29,72,14,43,29,conflict_zone,0,10000000
43_30,73,13,43,30,conflict_zone,0,10000000
43_31,74,12,43,31,town,0,10000000
43_32,75,11,43,32,town,0,10000000
43_33,76,10,43,33,town,0,10000000
43_34,77,9,43,34,town,0,10000000
43_35,78,8,43,35,town,0,10000000
43_36,79,7,43,36,town,0,10000000
43_37,80,6,43,37,town,0,10000000
43_38,81,5,43,38,town,0,10000000
43_39,82,4,43,39,town,0,10000000
43_40,83,3,43,40,town,0,10000000
43_41,84,2,43,41,town,0,10000000
43_42,85,1,43,42,town,0,10000000
43_43,86,0,43,43,town,0,10000000
43_44,87,-1,43,44,town,0,10000000
43_45,88,-2,43,45,town,0,10000000
43_46,89,-3,43,46,town,0,10000000
43_47,90,-4,43,47,town,0,10000000
43_48,91,-5,43,48,town,0,10000000
43_49,92,-6,43,49,camp,0,10000000
44_0,44,44,44,0,camp,0,10000000
44_1,45,43,44,1,town,0,10000000
44_2,46,42,44,2,town,0,10000000
44_3,47,41,44,3,town,0,10000000
44_4,48,40,44,4,town,0,10000000
44_5,49,39,44,5,town,0,10000000
44_6,50,38,44,6,town,0,10000000
44_7,51,37,44,7,town,0,10000000
44_8,52,36,44,8,town,0,10000000
44_9,53,35,44,9,town,0,10000000
44_10,54,34,44,10,town,0,10000000
44_11,55,33,44,11,town,0,10000000
44_12,56,32,44,12,town,0,10000000
44_13,57,31,44,13,town,0,10000000
44_14,58,30,44,14,town,0,10000000
44_15,59,29,44,15,town,0,10000000
44_16,60,28,44,16,town,0,10000000
44_17,61,27,44,17,town,0,10000000
44_18,62,26,44,18,town,0,10000000
44_19,63,25,44,19,town,0,10000000
44_20,64,24,44,20,conflict_zone,0,10000000
44_21,65,23,44,21,conflict_zone,0,10000000
44_22,66,22,44,22,conflict_zone,0,10000000
44_23,67,21,44,23,conflict_zone,0,10000000
44_24,68,20,44,24,conflict_zone,0,10000000
44_25,69,19,44,25,conflict_zone,0,10000000
44_26,70,18,44,26,conflict_zone,0,10000000
44_27,71,17,44,27,conflict_zone,0,10000000
44_28,72,16,44,28,conflict_zone,0,10000000
44_29,73,15,44,29,conflict_zone,0,10000000
44_30,74,14,44,30,conflict_zone,0,10000000
44_31,75,13,44,31,town,0,10000000
44_32,76,12,44,32,town,0,10000000
44_33,77,11,44,33,town,0,10000000
44_34,78,10,44,34,town,0,10000000
44_35,79,9,44,35,town,0,10000000
44_36,80,8,44,36,town,0,10000000
44_37,81,7,44,37,town,0,10000000
44_38,82,6,44,38,town,0,10000000
44_39,83,5,44,39,town,0,10000000
44_40,84,4,44,40,town,0,10000000
44_41,85,3,44,41,town,0,10000000
44_42,86,2,44,42,town,0,10000000
44_43,87,1,44,43,town,0,10000000
44_44,88,0,44,44,town,0,10000000
44_45,89,-1,44,45,town,0,10000000
44_46,90,-2,44,46,town,0,10000000
44_47,91,-3,44,47,town,0,10000000
44_48,92,-4,44,48,town,0,10000000
44_49,93,-5,44,49,camp,0,10000000
45_0,45,45,45,0,camp,0,10000000
45_1,46,44,45,1,town,0,10000000
45_2,47,43,45,2,town,0,10000000
45_3,48,42,45,3,town,0,10000000
45_4,49,41,45,4,town,0,10000000
45_5,50,40,45,5,town,0,10000000
45_6,51,39,45,6,town,0,10000000
45_7,52,38,45,7,town,0,10000000
45_8,53,37,45,8,town,0,10000000
45_9,54,36,45,9,town,0,10000000
45_10,55,35,45,10,town,0,10000000
45_11,56,34,45,11,town,0,10000000
45_12,57,33,45,12,town,0,10000000
45_13,58,32,45,13,town,0,10000000
45_14,59,31,45,14,town,0,10000000
45_15,60,30,45,15,town,0,10000000
45_16,61,29,45,16,town,0,10000000
45_17,62,28,45,17,town,0,10000000
45_18,63,27,45,18,town,0,10000000
45_19,64,26,45,19,town,0,10000000
45_20,65,25,45,20,conflict_zone,0,10000000
45_21,66,24,45,21,conflict_zone,0,10000000
45_22,67,23,45,22,conflict_zone,0,10000000
45_23,68,22,45,23,conflict_zone,0,10000000
45_24,69,21,45,24,conflict_zone,0,10000000
45_25,70,20,45,25,conflict_zone,0,10000000
45_26,71,19,45,26,conflict_zone,0,10000000
45_27,72,18,45,27,conflict_zone,0,10000000
45_28,73,17,45,28,conflict_zone,0,10000000
45_29,74,16,45,29,conflict_zone,0,10000000
45_30,75,15,45,30,conflict_zone,0,10000000
45_31,76,14,45,31,town,0,10000000
45_32,77,13,45,32,town,0,10000000
45_33,78,12,45,33,town,0,10000000
45_34,79,11,45,34,town,0,10000000
45_35,80,10,45,35,town,0,10000000
45_36,81,9,45,36,town,0,10000000
45_37,82,8,45,37,town,0,10000000
45_38,83,7,45,38,town,0,10000000
45_39,84,6,45,39,town,0,10000000
45_40,85,5,45,40,town,0,10000000
45_41,86,4,45,41,town,0,10000000
45_42,87,3,45,42,town,0,10000000
45_43,88,2,45,43,town,0,10000000
45_44,89,1,45,44,town,0,10000000
45_45,90,0,45,45,town,0,10000000
45_46,91,-1,45,46,town,0,10000000
45_47,92,-2,45,47,town,0,10000000
45_48,93,-3,45,48,town,0,10000000
45_49,94,-4,45,49,camp,0,10000000
46_0,46,46,46,0,camp,0,10000000
46_1,47,45,46,1,town,0,10000000
46_2,48,44,46,2,town,0,10000000
46_3,49,43,46,3,town,0,10000000
46_4,50,42,46,4,town,0,10000000
46_5,51,41,46,5,town,0,10000000
46_6,52,40,46,6,town,0,10000000
46_7,53,39,46,7,town,0,10000000
46_8,54,38,46,8,town,0,10000000
46_9,55,37,46,9,town,0,10000000
46_10,56,36,46,10,town,0,10000000
46_11,57,35,46,11,town,0,10000000
46_12,58,34,46,12,town,0,10000000
46_13,59,33,46,13,town,0,10000000
46_14,60,32,46,14,town,0,10000000
46_15,61,31,46,15,town,0,10000000
46_16,62,30,46,16,town,0,10000000
46_17,63,29,46,17,town,0,10000000
46_18,64,28,46,18,town,0,10000000
46_19,65,27,46,19,town,0,10000000
46_20,66,26,46,20,conflict_zone,0,10000000
46_21,67,25,46,21,conflict_zone,0,10000000
46_22,68,24,46,22,conflict_zone,0,10000000
46_23,69,23,46,23,conflict_zone,0,10000000
46_24,70,22,46,24,conflict_zone,0,10000000
46_25,71,21,46,25,conflict_zone,0,10000000
46_26,72,20,46,26,conflict_zone,0,10000000
46_27,73,19,46,27,conflict_zone,0,10000000
46_28,74,18,46,28,conflict_zone,0,10000000
46_29,75,17,46,29,conflict_zone,0,10000000
46_30,76,16,46,30,conflict_zone,0,10000000
46_31,77,15,46,31,town,0,10000000
46_32,78,14,46,32,town,0,10000000
46_33,79,13,46,33,town,0,10000000
46_34,80,12,46,34,town,0,10000000
46_35,81,11,46,35,town,0,10000000
46_36,82,10,46,36,town,0,10000000
46_37,83,9,46,37,town,0,10000000
46_38,84,8,46,38,town,0,10000000
46_39,85,7,46,39,town,0,10000000
46_40,86,6,46,40,town,0,10000000
46_41,87,5,46,41,town,0,10000000
46_42,88,4,46,42,town,0,10000000
46_43,89,3,46,43,town,0,10000000
46_44,90,2,46,44,town,0,10000000
46_45,91,1,46,45,town,0,10000000
46_46,92,0,46,46,town,0,10000000
46_47,93,-1,46,47,town,0,10000000
46_48,94,-2,46,48,town,0,10000000
46_49,95,-3,46,49,camp,0,10000000
47_0,47,47,47,0,camp,0,10000000
47_1,48,46,47,1,town,0,10000000
47_2,49,45,47,2,town,0,10000000
47_3,50,44,47,3,town,0,10000000
47_4,51,43,47,4,town,0,10000000
47_5,52,42,47,5,town,0,10000000
47_6,53,41,47,6,town,0,10000000
47_7,54,40,47,7,town,0,10000000
47_8,55,39,47,8,town,0,10000000
47_9,56,38,47,9,town,0,10000000
47_10,57,37,47,10,town,0,10000000
47_11,58,36,47,11,town,0,10000000
47_12,59,35,47,12,town,0,10000000
47_13,60,34,47,13,town,0,10000000
47_14,61,33,47,14,town,0,10000000
47_15,62,32,47,15,town,0,10000000
47_16,63,31,47,16,town,0,10000000
47_17,64,30,47,17,town,0,10000000
47_18,65,29,47,18,town,0,10000000
47_19,66,28,47,19,town,0,10000000
47_20,67,27,47,20,conflict_zone,0,10000000
47_21,68,26,47,21,conflict_zone,0,10000000
47_22,69,25,47,22,conflict_zone,0,10000000
47_23,70,24,47,23,conflict_zone,0,10000000
47_24,71,23,47,24,conflict_zone,0,10000000
47_25,72,22,47,25,conflict_zone,0,10000000
47_26,73,21,47,26,conflict_zone,0,10000000
47_27,74,20,47,27,conflict_zone,0,10000000
47_28,75,19,47,28,conflict_zone,0,10000000
47_29,76,18,47,29,conflict_zone,0,10000000
47_30,77,17,47,30,conflict_zone,0,10000000
47_31,78,16,47,31,town,0,10000000
47_32,79,15,47,32,town,0,10000000
47_33,80,14,47,33,town,0,10000000
47_34,81,13,47,34,town,0,10000000
47_35,82,12,47,35,town,0,10000000
47_36,83,11,47,36,town,0,10000000
47_37,84,10,47,37,town,0,10000000
47_38,85,9,47,38,town,0,10000000
47_39,86,8,47,39,town,0,10000000
47_40,87,7,47,40,town,0,10000000
47_41,88,6,47,41,town,0,10000000
47_42,89,5,47,42,town,0,10000000
47_43,90,4,47,43,town,0,10000000
47_44,91,3,47,44,town,0,10000000
47_45,92,2,47,45,town,0,10000000
47_46,93,1,47,46,town,0,10000000
47_47,94,0,47,47,town,0,10000000
47_48,95,-1,47,48,town,0,10000000
47_49,96,-2,47,49,camp,0,10000000
48_0,48,48,48,0,camp,0,10000000
48_1,49,47,48,1,town,0,10000000
48_2,50,46,48,2,town,0,10000000
48_3,51,45,48,3,town,0,10000000
48_4,52,44,48,4,town,0,10000000
48_5,53,43,48,5,town,0,10000000
48_6,54,42,48,6,town,0,10000000
48_7,55,41,48,7,town,0,10000000
48_8,56,40,48,8,town,0,10000000
48_9,57,39,48,9,town,0,10000000
48_10,58,38,48,10,town,0,10000000
48_11,59,37,48,11,town,0,10000000
48_12,60,36,48,12,town,0,10000000
48_13,61,35,48,13,town,0,10000000
48_14,62,34,48,14,town,0,10000000
48_15,63,33,48,15,town,0,10000000
48_16,64,32,48,16,town,0,10000000
48_17,65,31,48,17,town,0,10000000
48_18,66,30,48,18,town,0,10000000
48_19,67,29,48,19,town,0,10000000
48_20,68,28,48,20,conflict_zone,0,10000000
48_21,69,27,48,21,conflict_zone,0,10000000
48_22,70,26,48,22,conflict_zone,0,10000000
48_23,71,25,48,23,conflict_zone,0,10000000
48_24,72,24,48,24,conflict_zone,0,10000000
48_25,73,23,48,25,conflict_zone,0,10000000
48_26,74,22,48,26,conflict_zone,0,10000000
48_27,75,21,48,27,conflict_zone,0,10000000
48_28,76,20,48,28,conflict_zone,0,10000000
48_29,77,19,48,29,conflict_zone,0,10000000
48_30,78,18,48,30,conflict_zone,0,10000000
48_31,79,17,48,31,town,0,10000000
48_32,80,16,48,32,town,0,10000000
48_33,81,15,48,33,town,0,10000000
48_34,82,14,48,34,town,0,10000000
48_35,83,13,48,35,town,0,10000000
48_36,84,12,48,36,town,0,10000000
48_37,85,11,48,37,town,0,10000000
48_38,86,10,48,38,town,0,10000000
48_39,87,9,48,39,town,0,10000000
48_40,88,8,48,40,town,0,10000000
48_41,89,7,48,41,town,0,10000000
48_42,90,6,48,42,town,0,10000000
48_43,91,5,48,43,town,0,10000000
48_44,92,4,48,44,town,0,10000000
48_45,93,3,48,45,town,0,10000000
48_46,94,2,48,46,town,0,10000000
48_47,95,1,48,47,town,0,10000000
48_48,96,0,48,48,town,0,10000000
48_49,97,-1,48,49,camp,0,10000000
49_0,49,49,49,0,camp,0,10000000
49_1,50,48,49,1,camp,0,10000000
49_2,51,47,49,2,camp,0,10000000
49_3,52,46,49,3,camp,0,10000000
49_4,53,45,49,4,camp,0,10000000
49_5,54,44,49,5,camp,0,10000000
49_6,55,43,49,6,camp,0,10000000
49_7,56,42,49,7,camp,0,10000000
49_8,57,41,49,8,camp,0,10000000
49_9,58,40,49,9,camp,0,10000000
49_10,59,39,49,10,camp,0,10000000
49_11,60,38,49,11,camp,0,10000000
49_12,61,37,49,12,camp,0,10000000
49_13,62,36,49,13,camp,0,10000000
49_14,63,35,49,14,camp,0,10000000
49_15,64,34,49,15,camp,0,10000000
49_16,65,33,49,16,camp,0,10000000
49_17,66,32,49,17,camp,0,10000000
49_18,67,31,49,18,camp,0,10000000
49_19,68,30,49,19,camp,0,10000000
49_20,69,29,49,20,conflict_zone,0,10000000
49_21,70,28,49,21,conflict_zone,0,10000000
49_22,71,27,49,22,conflict_zone,0,10000000
49_23,72,26,49,23,conflict_zone,0,10000000
49_24,73,25,49,24,conflict_zone,0,10000000
49_25,74,24,49,25,conflict_zone,0,10000000
49_26,75,23,49,26,conflict_zone,0,10000000
49_27,76,22,49,27,conflict_zone,0,10000000
49_28,77,21,49,28,conflict_zone,0,10000000
49_29,78,20,49,29,conflict_zone,0,10000000
49_30,79,19,49,30,conflict_zone,0,10000000
49_31,80,18,49,31,camp,0,10000000
49_32,81,17,49,32,camp,0,10000000
49_33,82,16,49,33,camp,0,10000000
49_34,83,15,49,34,camp,0,10000000
49_35,84,14,49,35,camp,0,10000000
49_36,85,13,49,36,camp,0,10000000
49_37,86,12,49,37,camp,0,10000000
49_38,87,11,49,38,camp,0,10000000
49_39,88,10,49,39,camp,0,10000000
49_40,89,9,49,40,camp,0,10000000
49_41,90,8,49,41,camp,0,10000000
49_42,91,7,49,42,camp,0,10000000
49_43,92,6,49,43,camp,0,10000000
49_44,93,5,49,44,camp,0,10000000
49_45,94,4,49,45,camp,0,10000000
49_46,95,3,49,46,camp,0,10000000
49_47,96,2,49,47,camp,0,10000000
49_48,97,1,49,48,camp,0,10000000
49_49,98,0,49,49,camp,0,10000000
